The system is: Linux - 6.8.0-138-generic - x86_64
Compiling the C compiler identification source file "CMakeCCompilerId.c" succeeded.
Compiler: /home/ytr/.local/bin/cc 
Build flags: 
Id flags:  

The output was:
0


Compilation of the C compiler identification source "CMakeCCompilerId.c" produced "a.out"

The C compiler identification is GNU, found in "/home/ytr/dev_ws/build_3d/fast_lio/CMakeFiles/3.22.1/CompilerIdC/a.out"

Compiling the CXX compiler identification source file "CMakeCXXCompilerId.cpp" succeeded.
Compiler: /home/ytr/.local/bin/g++ 
Build flags: 
Id flags:  

The output was:
0


Compilation of the CXX compiler identification source "CMakeCXXCompilerId.cpp" produced "a.out"

The CXX compiler identification is GNU, found in "/home/ytr/dev_ws/build_3d/fast_lio/CMakeFiles/3.22.1/CompilerIdCXX/a.out"

Detecting C compiler ABI info compiled with the following output:
Change Dir: /home/ytr/dev_ws/build_3d/fast_lio/CMakeFiles/CMakeTmp

Run Build Command(s):/usr/bin/gmake -f Makefile cmTC_89f69/fast && /usr/bin/gmake  -f CMakeFiles/cmTC_89f69.dir/build.make CMakeFiles/cmTC_89f69.dir/build
gmake[1]: Entering directory '/home/ytr/dev_ws/build_3d/fast_lio/CMakeFiles/CMakeTmp'
Building C object CMakeFiles/cmTC_89f69.dir/CMakeCCompilerABI.c.o
/home/ytr/.local/bin/cc   -v -o CMakeFiles/cmTC_89f69.dir/CMakeCCompilerABI.c.o -c /usr/share/cmake-3.22/Modules/CMakeCCompilerABI.c
Using built-in specs.
COLLECT_GCC=/home/ytr/.local/bin/cc
OFFLOAD_TARGET_NAMES=nvptx-none:amdgcn-amdhsa
OFFLOAD_TARGET_DEFAULT=1
Target: x86_64-linux-gnu
Configured with: ../src/configure -v --with-pkgversion='Ubuntu 12.3.0-1ubuntu1~22.04.3' --with-bugurl=file:///usr/share/doc/gcc-12/README.Bugs --enable-languages=c,ada,c++,go,d,fortran,objc,obj-c++,m2 --prefix=/usr --with-gcc-major-version-only --program-suffix=-12 --program-prefix=x86_64-linux-gnu- --enable-shared --enable-linker-build-id --libexecdir=/usr/lib --without-included-gettext --enable-threads=posix --libdir=/usr/lib --enable-nls --enable-clocale=gnu --enable-libstdcxx-debug --enable-libstdcxx-time=yes --with-default-libstdcxx-abi=new --enable-gnu-unique-object --disable-vtable-verify --enable-plugin --enable-default-pie --with-system-zlib --enable-libphobos-checking=release --with-target-system-zlib=auto --enable-objc-gc=auto --enable-multiarch --disable-werror --enable-cet --with-arch-32=i686 --with-abi=m64 --with-multilib-list=m32,m64,mx32 --enable-multilib --with-tune=generic --enable-offload-targets=nvptx-none=/build/gcc-12-YswQCa/gcc-12-12.3.0/debian/tmp-nvptx/usr,amdgcn-amdhsa=/build/gcc-12-YswQCa/gcc-12-12.3.0/debian/tmp-gcn/usr --enable-offload-defaulted --without-cuda-driver --enable-checking=release --build=x86_64-linux-gnu --host=x86_64-linux-gnu --target=x86_64-linux-gnu
Thread model: posix
Supported LTO compression algorithms: zlib zstd
gcc version 12.3.0 (Ubuntu 12.3.0-1ubuntu1~22.04.3) 
COLLECT_GCC_OPTIONS='-v' '-o' 'CMakeFiles/cmTC_89f69.dir/CMakeCCompilerABI.c.o' '-c' '-mtune=generic' '-march=x86-64' '-dumpdir' 'CMakeFiles/cmTC_89f69.dir/'
 /home/ytr/.local/usr/bin/../lib/gcc/x86_64-linux-gnu/12/cc1 -quiet -v -imultiarch x86_64-linux-gnu -iprefix /home/ytr/.local/usr/bin/../lib/gcc/x86_64-linux-gnu/12/ /usr/share/cmake-3.22/Modules/CMakeCCompilerABI.c -quiet -dumpdir CMakeFiles/cmTC_89f69.dir/ -dumpbase CMakeCCompilerABI.c.c -dumpbase-ext .c -mtune=generic -march=x86-64 -version -fasynchronous-unwind-tables -fstack-protector-strong -Wformat -Wformat-security -fstack-clash-protection -fcf-protection -o /tmp/ccQyxBpz.s
GNU C17 (Ubuntu 12.3.0-1ubuntu1~22.04.3) version 12.3.0 (x86_64-linux-gnu)
	compiled by GNU C version 12.3.0, GMP version 6.2.1, MPFR version 4.1.0, MPC version 1.2.1, isl version isl-0.24-GMP

GGC heuristics: --param ggc-min-expand=100 --param ggc-min-heapsize=131072
ignoring nonexistent directory "/home/ytr/.local/usr/bin/../lib/gcc/x86_64-linux-gnu/12/include-fixed"
ignoring nonexistent directory "/home/ytr/.local/usr/bin/../lib/gcc/x86_64-linux-gnu/12/../../../../x86_64-linux-gnu/include"
ignoring duplicate directory "/home/ytr/.local/usr/lib/gcc/x86_64-linux-gnu/12/include"
ignoring nonexistent directory "/usr/local/include/x86_64-linux-gnu"
ignoring nonexistent directory "/home/ytr/.local/usr/bin/../lib/gcc/../../lib/gcc/x86_64-linux-gnu/12/include-fixed"
ignoring nonexistent directory "/home/ytr/.local/usr/bin/../lib/gcc/../../lib/gcc/x86_64-linux-gnu/12/../../../../x86_64-linux-gnu/include"
#include "..." search starts here:
#include <...> search starts here:
 /home/ytr/.local/usr/lib/gcc/x86_64-linux-gnu/12/include
 /usr/local/include
 /usr/include/x86_64-linux-gnu
 /usr/include
End of search list.
GNU C17 (Ubuntu 12.3.0-1ubuntu1~22.04.3) version 12.3.0 (x86_64-linux-gnu)
	compiled by GNU C version 12.3.0, GMP version 6.2.1, MPFR version 4.1.0, MPC version 1.2.1, isl version isl-0.24-GMP

GGC heuristics: --param ggc-min-expand=100 --param ggc-min-heapsize=131072
Compiler executable checksum: 65d1edd4fb1e0f618a87b24c70895372
COLLECT_GCC_OPTIONS='-v' '-o' 'CMakeFiles/cmTC_89f69.dir/CMakeCCompilerABI.c.o' '-c' '-mtune=generic' '-march=x86-64' '-dumpdir' 'CMakeFiles/cmTC_89f69.dir/'
 as -v --64 -o CMakeFiles/cmTC_89f69.dir/CMakeCCompilerABI.c.o /tmp/ccQyxBpz.s
GNU assembler version 2.38 (x86_64-linux-gnu) using BFD version (GNU Binutils for Ubuntu) 2.38
COMPILER_PATH=/home/ytr/.local/usr/bin/../lib/gcc/x86_64-linux-gnu/12/:/home/ytr/.local/usr/bin/../lib/gcc/x86_64-linux-gnu/:/home/ytr/.local/usr/bin/../lib/gcc/
LIBRARY_PATH=/home/ytr/.local/usr/bin/../lib/gcc/x86_64-linux-gnu/12/:/home/ytr/.local/usr/bin/../lib/gcc/x86_64-linux-gnu/:/home/ytr/.local/usr/bin/../lib/gcc/:/home/ytr/.local/usr/bin/../lib/gcc/x86_64-linux-gnu/12/../../../x86_64-linux-gnu/:/home/ytr/.local/usr/bin/../lib/gcc/x86_64-linux-gnu/12/../../../../lib/:/lib/x86_64-linux-gnu/:/lib/../lib/:/usr/lib/x86_64-linux-gnu/:/usr/lib/../lib/:/home/ytr/.local/usr/bin/../lib/gcc/x86_64-linux-gnu/12/../../../:/lib/:/usr/lib/
COLLECT_GCC_OPTIONS='-v' '-o' 'CMakeFiles/cmTC_89f69.dir/CMakeCCompilerABI.c.o' '-c' '-mtune=generic' '-march=x86-64' '-dumpdir' 'CMakeFiles/cmTC_89f69.dir/CMakeCCompilerABI.c.'
Linking C executable cmTC_89f69
/usr/bin/cmake -E cmake_link_script CMakeFiles/cmTC_89f69.dir/link.txt --verbose=1
/home/ytr/.local/bin/cc  -v CMakeFiles/cmTC_89f69.dir/CMakeCCompilerABI.c.o -o cmTC_89f69 
Using built-in specs.
COLLECT_GCC=/home/ytr/.local/bin/cc
COLLECT_LTO_WRAPPER=/home/ytr/.local/usr/bin/../lib/gcc/x86_64-linux-gnu/12/lto-wrapper
OFFLOAD_TARGET_NAMES=nvptx-none:amdgcn-amdhsa
OFFLOAD_TARGET_DEFAULT=1
Target: x86_64-linux-gnu
Configured with: ../src/configure -v --with-pkgversion='Ubuntu 12.3.0-1ubuntu1~22.04.3' --with-bugurl=file:///usr/share/doc/gcc-12/README.Bugs --enable-languages=c,ada,c++,go,d,fortran,objc,obj-c++,m2 --prefix=/usr --with-gcc-major-version-only --program-suffix=-12 --program-prefix=x86_64-linux-gnu- --enable-shared --enable-linker-build-id --libexecdir=/usr/lib --without-included-gettext --enable-threads=posix --libdir=/usr/lib --enable-nls --enable-clocale=gnu --enable-libstdcxx-debug --enable-libstdcxx-time=yes --with-default-libstdcxx-abi=new --enable-gnu-unique-object --disable-vtable-verify --enable-plugin --enable-default-pie --with-system-zlib --enable-libphobos-checking=release --with-target-system-zlib=auto --enable-objc-gc=auto --enable-multiarch --disable-werror --enable-cet --with-arch-32=i686 --with-abi=m64 --with-multilib-list=m32,m64,mx32 --enable-multilib --with-tune=generic --enable-offload-targets=nvptx-none=/build/gcc-12-YswQCa/gcc-12-12.3.0/debian/tmp-nvptx/usr,amdgcn-amdhsa=/build/gcc-12-YswQCa/gcc-12-12.3.0/debian/tmp-gcn/usr --enable-offload-defaulted --without-cuda-driver --enable-checking=release --build=x86_64-linux-gnu --host=x86_64-linux-gnu --target=x86_64-linux-gnu
Thread model: posix
Supported LTO compression algorithms: zlib zstd
gcc version 12.3.0 (Ubuntu 12.3.0-1ubuntu1~22.04.3) 
COMPILER_PATH=/home/ytr/.local/usr/bin/../lib/gcc/x86_64-linux-gnu/12/:/home/ytr/.local/usr/bin/../lib/gcc/x86_64-linux-gnu/:/home/ytr/.local/usr/bin/../lib/gcc/
LIBRARY_PATH=/home/ytr/.local/usr/bin/../lib/gcc/x86_64-linux-gnu/12/:/home/ytr/.local/usr/bin/../lib/gcc/x86_64-linux-gnu/:/home/ytr/.local/usr/bin/../lib/gcc/:/home/ytr/.local/usr/bin/../lib/gcc/x86_64-linux-gnu/12/../../../x86_64-linux-gnu/:/home/ytr/.local/usr/bin/../lib/gcc/x86_64-linux-gnu/12/../../../../lib/:/lib/x86_64-linux-gnu/:/lib/../lib/:/usr/lib/x86_64-linux-gnu/:/usr/lib/../lib/:/home/ytr/.local/usr/bin/../lib/gcc/x86_64-linux-gnu/12/../../../:/lib/:/usr/lib/
COLLECT_GCC_OPTIONS='-v' '-o' 'cmTC_89f69' '-mtune=generic' '-march=x86-64' '-dumpdir' 'cmTC_89f69.'
 /home/ytr/.local/usr/bin/../lib/gcc/x86_64-linux-gnu/12/collect2 -plugin /home/ytr/.local/usr/bin/../lib/gcc/x86_64-linux-gnu/12/liblto_plugin.so -plugin-opt=/home/ytr/.local/usr/bin/../lib/gcc/x86_64-linux-gnu/12/lto-wrapper -plugin-opt=-fresolution=/tmp/ccpVlriU.res -plugin-opt=-pass-through=-lgcc -plugin-opt=-pass-through=-lgcc_s -plugin-opt=-pass-through=-lc -plugin-opt=-pass-through=-lgcc -plugin-opt=-pass-through=-lgcc_s --build-id --eh-frame-hdr -m elf_x86_64 --hash-style=gnu --as-needed -dynamic-linker /lib64/ld-linux-x86-64.so.2 -pie -z now -z relro -o cmTC_89f69 /home/ytr/.local/usr/bin/../lib/gcc/x86_64-linux-gnu/12/../../../x86_64-linux-gnu/Scrt1.o /home/ytr/.local/usr/bin/../lib/gcc/x86_64-linux-gnu/12/../../../x86_64-linux-gnu/crti.o /home/ytr/.local/usr/bin/../lib/gcc/x86_64-linux-gnu/12/crtbeginS.o -L/home/ytr/.local/usr/bin/../lib/gcc/x86_64-linux-gnu/12 -L/home/ytr/.local/usr/bin/../lib/gcc/x86_64-linux-gnu -L/home/ytr/.local/usr/bin/../lib/gcc -L/home/ytr/.local/usr/bin/../lib/gcc/x86_64-linux-gnu/12/../../../x86_64-linux-gnu -L/home/ytr/.local/usr/bin/../lib/gcc/x86_64-linux-gnu/12/../../../../lib -L/lib/x86_64-linux-gnu -L/lib/../lib -L/usr/lib/x86_64-linux-gnu -L/usr/lib/../lib -L/home/ytr/.local/usr/bin/../lib/gcc/x86_64-linux-gnu/12/../../.. CMakeFiles/cmTC_89f69.dir/CMakeCCompilerABI.c.o -lgcc --push-state --as-needed -lgcc_s --pop-state -lc -lgcc --push-state --as-needed -lgcc_s --pop-state /home/ytr/.local/usr/bin/../lib/gcc/x86_64-linux-gnu/12/crtendS.o /home/ytr/.local/usr/bin/../lib/gcc/x86_64-linux-gnu/12/../../../x86_64-linux-gnu/crtn.o
COLLECT_GCC_OPTIONS='-v' '-o' 'cmTC_89f69' '-mtune=generic' '-march=x86-64' '-dumpdir' 'cmTC_89f69.'
gmake[1]: Leaving directory '/home/ytr/dev_ws/build_3d/fast_lio/CMakeFiles/CMakeTmp'



Parsed C implicit include dir info from above output: rv=done
  found start of include info
  found start of implicit include info
    add: [/home/ytr/.local/usr/lib/gcc/x86_64-linux-gnu/12/include]
    add: [/usr/local/include]
    add: [/usr/include/x86_64-linux-gnu]
    add: [/usr/include]
  end of search list found
  collapse include dir [/home/ytr/.local/usr/lib/gcc/x86_64-linux-gnu/12/include] ==> [/home/ytr/.local/usr/lib/gcc/x86_64-linux-gnu/12/include]
  collapse include dir [/usr/local/include] ==> [/usr/local/include]
  collapse include dir [/usr/include/x86_64-linux-gnu] ==> [/usr/include/x86_64-linux-gnu]
  collapse include dir [/usr/include] ==> [/usr/include]
  implicit include dirs: [/home/ytr/.local/usr/lib/gcc/x86_64-linux-gnu/12/include;/usr/local/include;/usr/include/x86_64-linux-gnu;/usr/include]


Parsed C implicit link information from above output:
  link line regex: [^( *|.*[/\])(ld|CMAKE_LINK_STARTFILE-NOTFOUND|([^/\]+-)?ld|collect2)[^/\]*( |$)]
  ignore line: [Change Dir: /home/ytr/dev_ws/build_3d/fast_lio/CMakeFiles/CMakeTmp]
  ignore line: []
  ignore line: [Run Build Command(s):/usr/bin/gmake -f Makefile cmTC_89f69/fast && /usr/bin/gmake  -f CMakeFiles/cmTC_89f69.dir/build.make CMakeFiles/cmTC_89f69.dir/build]
  ignore line: [gmake[1]: Entering directory '/home/ytr/dev_ws/build_3d/fast_lio/CMakeFiles/CMakeTmp']
  ignore line: [Building C object CMakeFiles/cmTC_89f69.dir/CMakeCCompilerABI.c.o]
  ignore line: [/home/ytr/.local/bin/cc   -v -o CMakeFiles/cmTC_89f69.dir/CMakeCCompilerABI.c.o -c /usr/share/cmake-3.22/Modules/CMakeCCompilerABI.c]
  ignore line: [Using built-in specs.]
  ignore line: [COLLECT_GCC=/home/ytr/.local/bin/cc]
  ignore line: [OFFLOAD_TARGET_NAMES=nvptx-none:amdgcn-amdhsa]
  ignore line: [OFFLOAD_TARGET_DEFAULT=1]
  ignore line: [Target: x86_64-linux-gnu]
  ignore line: [Configured with: ../src/configure -v --with-pkgversion='Ubuntu 12.3.0-1ubuntu1~22.04.3' --with-bugurl=file:///usr/share/doc/gcc-12/README.Bugs --enable-languages=c ada c++ go d fortran objc obj-c++ m2 --prefix=/usr --with-gcc-major-version-only --program-suffix=-12 --program-prefix=x86_64-linux-gnu- --enable-shared --enable-linker-build-id --libexecdir=/usr/lib --without-included-gettext --enable-threads=posix --libdir=/usr/lib --enable-nls --enable-clocale=gnu --enable-libstdcxx-debug --enable-libstdcxx-time=yes --with-default-libstdcxx-abi=new --enable-gnu-unique-object --disable-vtable-verify --enable-plugin --enable-default-pie --with-system-zlib --enable-libphobos-checking=release --with-target-system-zlib=auto --enable-objc-gc=auto --enable-multiarch --disable-werror --enable-cet --with-arch-32=i686 --with-abi=m64 --with-multilib-list=m32 m64 mx32 --enable-multilib --with-tune=generic --enable-offload-targets=nvptx-none=/build/gcc-12-YswQCa/gcc-12-12.3.0/debian/tmp-nvptx/usr amdgcn-amdhsa=/build/gcc-12-YswQCa/gcc-12-12.3.0/debian/tmp-gcn/usr --enable-offload-defaulted --without-cuda-driver --enable-checking=release --build=x86_64-linux-gnu --host=x86_64-linux-gnu --target=x86_64-linux-gnu]
  ignore line: [Thread model: posix]
  ignore line: [Supported LTO compression algorithms: zlib zstd]
  ignore line: [gcc version 12.3.0 (Ubuntu 12.3.0-1ubuntu1~22.04.3) ]
  ignore line: [COLLECT_GCC_OPTIONS='-v' '-o' 'CMakeFiles/cmTC_89f69.dir/CMakeCCompilerABI.c.o' '-c' '-mtune=generic' '-march=x86-64' '-dumpdir' 'CMakeFiles/cmTC_89f69.dir/']
  ignore line: [ /home/ytr/.local/usr/bin/../lib/gcc/x86_64-linux-gnu/12/cc1 -quiet -v -imultiarch x86_64-linux-gnu -iprefix /home/ytr/.local/usr/bin/../lib/gcc/x86_64-linux-gnu/12/ /usr/share/cmake-3.22/Modules/CMakeCCompilerABI.c -quiet -dumpdir CMakeFiles/cmTC_89f69.dir/ -dumpbase CMakeCCompilerABI.c.c -dumpbase-ext .c -mtune=generic -march=x86-64 -version -fasynchronous-unwind-tables -fstack-protector-strong -Wformat -Wformat-security -fstack-clash-protection -fcf-protection -o /tmp/ccQyxBpz.s]
  ignore line: [GNU C17 (Ubuntu 12.3.0-1ubuntu1~22.04.3) version 12.3.0 (x86_64-linux-gnu)]
  ignore line: [	compiled by GNU C version 12.3.0  GMP version 6.2.1  MPFR version 4.1.0  MPC version 1.2.1  isl version isl-0.24-GMP]
  ignore line: []
  ignore line: [GGC heuristics: --param ggc-min-expand=100 --param ggc-min-heapsize=131072]
  ignore line: [ignoring nonexistent directory "/home/ytr/.local/usr/bin/../lib/gcc/x86_64-linux-gnu/12/include-fixed"]
  ignore line: [ignoring nonexistent directory "/home/ytr/.local/usr/bin/../lib/gcc/x86_64-linux-gnu/12/../../../../x86_64-linux-gnu/include"]
  ignore line: [ignoring duplicate directory "/home/ytr/.local/usr/lib/gcc/x86_64-linux-gnu/12/include"]
  ignore line: [ignoring nonexistent directory "/usr/local/include/x86_64-linux-gnu"]
  ignore line: [ignoring nonexistent directory "/home/ytr/.local/usr/bin/../lib/gcc/../../lib/gcc/x86_64-linux-gnu/12/include-fixed"]
  ignore line: [ignoring nonexistent directory "/home/ytr/.local/usr/bin/../lib/gcc/../../lib/gcc/x86_64-linux-gnu/12/../../../../x86_64-linux-gnu/include"]
  ignore line: [#include "..." search starts here:]
  ignore line: [#include <...> search starts here:]
  ignore line: [ /home/ytr/.local/usr/lib/gcc/x86_64-linux-gnu/12/include]
  ignore line: [ /usr/local/include]
  ignore line: [ /usr/include/x86_64-linux-gnu]
  ignore line: [ /usr/include]
  ignore line: [End of search list.]
  ignore line: [GNU C17 (Ubuntu 12.3.0-1ubuntu1~22.04.3) version 12.3.0 (x86_64-linux-gnu)]
  ignore line: [	compiled by GNU C version 12.3.0  GMP version 6.2.1  MPFR version 4.1.0  MPC version 1.2.1  isl version isl-0.24-GMP]
  ignore line: []
  ignore line: [GGC heuristics: --param ggc-min-expand=100 --param ggc-min-heapsize=131072]
  ignore line: [Compiler executable checksum: 65d1edd4fb1e0f618a87b24c70895372]
  ignore line: [COLLECT_GCC_OPTIONS='-v' '-o' 'CMakeFiles/cmTC_89f69.dir/CMakeCCompilerABI.c.o' '-c' '-mtune=generic' '-march=x86-64' '-dumpdir' 'CMakeFiles/cmTC_89f69.dir/']
  ignore line: [ as -v --64 -o CMakeFiles/cmTC_89f69.dir/CMakeCCompilerABI.c.o /tmp/ccQyxBpz.s]
  ignore line: [GNU assembler version 2.38 (x86_64-linux-gnu) using BFD version (GNU Binutils for Ubuntu) 2.38]
  ignore line: [COMPILER_PATH=/home/ytr/.local/usr/bin/../lib/gcc/x86_64-linux-gnu/12/:/home/ytr/.local/usr/bin/../lib/gcc/x86_64-linux-gnu/:/home/ytr/.local/usr/bin/../lib/gcc/]
  ignore line: [LIBRARY_PATH=/home/ytr/.local/usr/bin/../lib/gcc/x86_64-linux-gnu/12/:/home/ytr/.local/usr/bin/../lib/gcc/x86_64-linux-gnu/:/home/ytr/.local/usr/bin/../lib/gcc/:/home/ytr/.local/usr/bin/../lib/gcc/x86_64-linux-gnu/12/../../../x86_64-linux-gnu/:/home/ytr/.local/usr/bin/../lib/gcc/x86_64-linux-gnu/12/../../../../lib/:/lib/x86_64-linux-gnu/:/lib/../lib/:/usr/lib/x86_64-linux-gnu/:/usr/lib/../lib/:/home/ytr/.local/usr/bin/../lib/gcc/x86_64-linux-gnu/12/../../../:/lib/:/usr/lib/]
  ignore line: [COLLECT_GCC_OPTIONS='-v' '-o' 'CMakeFiles/cmTC_89f69.dir/CMakeCCompilerABI.c.o' '-c' '-mtune=generic' '-march=x86-64' '-dumpdir' 'CMakeFiles/cmTC_89f69.dir/CMakeCCompilerABI.c.']
  ignore line: [Linking C executable cmTC_89f69]
  ignore line: [/usr/bin/cmake -E cmake_link_script CMakeFiles/cmTC_89f69.dir/link.txt --verbose=1]
  ignore line: [/home/ytr/.local/bin/cc  -v CMakeFiles/cmTC_89f69.dir/CMakeCCompilerABI.c.o -o cmTC_89f69 ]
  ignore line: [Using built-in specs.]
  ignore line: [COLLECT_GCC=/home/ytr/.local/bin/cc]
  ignore line: [COLLECT_LTO_WRAPPER=/home/ytr/.local/usr/bin/../lib/gcc/x86_64-linux-gnu/12/lto-wrapper]
  ignore line: [OFFLOAD_TARGET_NAMES=nvptx-none:amdgcn-amdhsa]
  ignore line: [OFFLOAD_TARGET_DEFAULT=1]
  ignore line: [Target: x86_64-linux-gnu]
  ignore line: [Configured with: ../src/configure -v --with-pkgversion='Ubuntu 12.3.0-1ubuntu1~22.04.3' --with-bugurl=file:///usr/share/doc/gcc-12/README.Bugs --enable-languages=c ada c++ go d fortran objc obj-c++ m2 --prefix=/usr --with-gcc-major-version-only --program-suffix=-12 --program-prefix=x86_64-linux-gnu- --enable-shared --enable-linker-build-id --libexecdir=/usr/lib --without-included-gettext --enable-threads=posix --libdir=/usr/lib --enable-nls --enable-clocale=gnu --enable-libstdcxx-debug --enable-libstdcxx-time=yes --with-default-libstdcxx-abi=new --enable-gnu-unique-object --disable-vtable-verify --enable-plugin --enable-default-pie --with-system-zlib --enable-libphobos-checking=release --with-target-system-zlib=auto --enable-objc-gc=auto --enable-multiarch --disable-werror --enable-cet --with-arch-32=i686 --with-abi=m64 --with-multilib-list=m32 m64 mx32 --enable-multilib --with-tune=generic --enable-offload-targets=nvptx-none=/build/gcc-12-YswQCa/gcc-12-12.3.0/debian/tmp-nvptx/usr amdgcn-amdhsa=/build/gcc-12-YswQCa/gcc-12-12.3.0/debian/tmp-gcn/usr --enable-offload-defaulted --without-cuda-driver --enable-checking=release --build=x86_64-linux-gnu --host=x86_64-linux-gnu --target=x86_64-linux-gnu]
  ignore line: [Thread model: posix]
  ignore line: [Supported LTO compression algorithms: zlib zstd]
  ignore line: [gcc version 12.3.0 (Ubuntu 12.3.0-1ubuntu1~22.04.3) ]
  ignore line: [COMPILER_PATH=/home/ytr/.local/usr/bin/../lib/gcc/x86_64-linux-gnu/12/:/home/ytr/.local/usr/bin/../lib/gcc/x86_64-linux-gnu/:/home/ytr/.local/usr/bin/../lib/gcc/]
  ignore line: [LIBRARY_PATH=/home/ytr/.local/usr/bin/../lib/gcc/x86_64-linux-gnu/12/:/home/ytr/.local/usr/bin/../lib/gcc/x86_64-linux-gnu/:/home/ytr/.local/usr/bin/../lib/gcc/:/home/ytr/.local/usr/bin/../lib/gcc/x86_64-linux-gnu/12/../../../x86_64-linux-gnu/:/home/ytr/.local/usr/bin/../lib/gcc/x86_64-linux-gnu/12/../../../../lib/:/lib/x86_64-linux-gnu/:/lib/../lib/:/usr/lib/x86_64-linux-gnu/:/usr/lib/../lib/:/home/ytr/.local/usr/bin/../lib/gcc/x86_64-linux-gnu/12/../../../:/lib/:/usr/lib/]
  ignore line: [COLLECT_GCC_OPTIONS='-v' '-o' 'cmTC_89f69' '-mtune=generic' '-march=x86-64' '-dumpdir' 'cmTC_89f69.']
  link line: [ /home/ytr/.local/usr/bin/../lib/gcc/x86_64-linux-gnu/12/collect2 -plugin /home/ytr/.local/usr/bin/../lib/gcc/x86_64-linux-gnu/12/liblto_plugin.so -plugin-opt=/home/ytr/.local/usr/bin/../lib/gcc/x86_64-linux-gnu/12/lto-wrapper -plugin-opt=-fresolution=/tmp/ccpVlriU.res -plugin-opt=-pass-through=-lgcc -plugin-opt=-pass-through=-lgcc_s -plugin-opt=-pass-through=-lc -plugin-opt=-pass-through=-lgcc -plugin-opt=-pass-through=-lgcc_s --build-id --eh-frame-hdr -m elf_x86_64 --hash-style=gnu --as-needed -dynamic-linker /lib64/ld-linux-x86-64.so.2 -pie -z now -z relro -o cmTC_89f69 /home/ytr/.local/usr/bin/../lib/gcc/x86_64-linux-gnu/12/../../../x86_64-linux-gnu/Scrt1.o /home/ytr/.local/usr/bin/../lib/gcc/x86_64-linux-gnu/12/../../../x86_64-linux-gnu/crti.o /home/ytr/.local/usr/bin/../lib/gcc/x86_64-linux-gnu/12/crtbeginS.o -L/home/ytr/.local/usr/bin/../lib/gcc/x86_64-linux-gnu/12 -L/home/ytr/.local/usr/bin/../lib/gcc/x86_64-linux-gnu -L/home/ytr/.local/usr/bin/../lib/gcc -L/home/ytr/.local/usr/bin/../lib/gcc/x86_64-linux-gnu/12/../../../x86_64-linux-gnu -L/home/ytr/.local/usr/bin/../lib/gcc/x86_64-linux-gnu/12/../../../../lib -L/lib/x86_64-linux-gnu -L/lib/../lib -L/usr/lib/x86_64-linux-gnu -L/usr/lib/../lib -L/home/ytr/.local/usr/bin/../lib/gcc/x86_64-linux-gnu/12/../../.. CMakeFiles/cmTC_89f69.dir/CMakeCCompilerABI.c.o -lgcc --push-state --as-needed -lgcc_s --pop-state -lc -lgcc --push-state --as-needed -lgcc_s --pop-state /home/ytr/.local/usr/bin/../lib/gcc/x86_64-linux-gnu/12/crtendS.o /home/ytr/.local/usr/bin/../lib/gcc/x86_64-linux-gnu/12/../../../x86_64-linux-gnu/crtn.o]
    arg [/home/ytr/.local/usr/bin/../lib/gcc/x86_64-linux-gnu/12/collect2] ==> ignore
    arg [-plugin] ==> ignore
    arg [/home/ytr/.local/usr/bin/../lib/gcc/x86_64-linux-gnu/12/liblto_plugin.so] ==> ignore
    arg [-plugin-opt=/home/ytr/.local/usr/bin/../lib/gcc/x86_64-linux-gnu/12/lto-wrapper] ==> ignore
    arg [-plugin-opt=-fresolution=/tmp/ccpVlriU.res] ==> ignore
    arg [-plugin-opt=-pass-through=-lgcc] ==> ignore
    arg [-plugin-opt=-pass-through=-lgcc_s] ==> ignore
    arg [-plugin-opt=-pass-through=-lc] ==> ignore
    arg [-plugin-opt=-pass-through=-lgcc] ==> ignore
    arg [-plugin-opt=-pass-through=-lgcc_s] ==> ignore
    arg [--build-id] ==> ignore
    arg [--eh-frame-hdr] ==> ignore
    arg [-m] ==> ignore
    arg [elf_x86_64] ==> ignore
    arg [--hash-style=gnu] ==> ignore
    arg [--as-needed] ==> ignore
    arg [-dynamic-linker] ==> ignore
    arg [/lib64/ld-linux-x86-64.so.2] ==> ignore
    arg [-pie] ==> ignore
    arg [-znow] ==> ignore
    arg [-zrelro] ==> ignore
    arg [-o] ==> ignore
    arg [cmTC_89f69] ==> ignore
    arg [/home/ytr/.local/usr/bin/../lib/gcc/x86_64-linux-gnu/12/../../../x86_64-linux-gnu/Scrt1.o] ==> obj [/home/ytr/.local/usr/bin/../lib/gcc/x86_64-linux-gnu/12/../../../x86_64-linux-gnu/Scrt1.o]
    arg [/home/ytr/.local/usr/bin/../lib/gcc/x86_64-linux-gnu/12/../../../x86_64-linux-gnu/crti.o] ==> obj [/home/ytr/.local/usr/bin/../lib/gcc/x86_64-linux-gnu/12/../../../x86_64-linux-gnu/crti.o]
    arg [/home/ytr/.local/usr/bin/../lib/gcc/x86_64-linux-gnu/12/crtbeginS.o] ==> obj [/home/ytr/.local/usr/bin/../lib/gcc/x86_64-linux-gnu/12/crtbeginS.o]
    arg [-L/home/ytr/.local/usr/bin/../lib/gcc/x86_64-linux-gnu/12] ==> dir [/home/ytr/.local/usr/bin/../lib/gcc/x86_64-linux-gnu/12]
    arg [-L/home/ytr/.local/usr/bin/../lib/gcc/x86_64-linux-gnu] ==> dir [/home/ytr/.local/usr/bin/../lib/gcc/x86_64-linux-gnu]
    arg [-L/home/ytr/.local/usr/bin/../lib/gcc] ==> dir [/home/ytr/.local/usr/bin/../lib/gcc]
    arg [-L/home/ytr/.local/usr/bin/../lib/gcc/x86_64-linux-gnu/12/../../../x86_64-linux-gnu] ==> dir [/home/ytr/.local/usr/bin/../lib/gcc/x86_64-linux-gnu/12/../../../x86_64-linux-gnu]
    arg [-L/home/ytr/.local/usr/bin/../lib/gcc/x86_64-linux-gnu/12/../../../../lib] ==> dir [/home/ytr/.local/usr/bin/../lib/gcc/x86_64-linux-gnu/12/../../../../lib]
    arg [-L/lib/x86_64-linux-gnu] ==> dir [/lib/x86_64-linux-gnu]
    arg [-L/lib/../lib] ==> dir [/lib/../lib]
    arg [-L/usr/lib/x86_64-linux-gnu] ==> dir [/usr/lib/x86_64-linux-gnu]
    arg [-L/usr/lib/../lib] ==> dir [/usr/lib/../lib]
    arg [-L/home/ytr/.local/usr/bin/../lib/gcc/x86_64-linux-gnu/12/../../..] ==> dir [/home/ytr/.local/usr/bin/../lib/gcc/x86_64-linux-gnu/12/../../..]
    arg [CMakeFiles/cmTC_89f69.dir/CMakeCCompilerABI.c.o] ==> ignore
    arg [-lgcc] ==> lib [gcc]
    arg [--push-state] ==> ignore
    arg [--as-needed] ==> ignore
    arg [-lgcc_s] ==> lib [gcc_s]
    arg [--pop-state] ==> ignore
    arg [-lc] ==> lib [c]
    arg [-lgcc] ==> lib [gcc]
    arg [--push-state] ==> ignore
    arg [--as-needed] ==> ignore
    arg [-lgcc_s] ==> lib [gcc_s]
    arg [--pop-state] ==> ignore
    arg [/home/ytr/.local/usr/bin/../lib/gcc/x86_64-linux-gnu/12/crtendS.o] ==> obj [/home/ytr/.local/usr/bin/../lib/gcc/x86_64-linux-gnu/12/crtendS.o]
    arg [/home/ytr/.local/usr/bin/../lib/gcc/x86_64-linux-gnu/12/../../../x86_64-linux-gnu/crtn.o] ==> obj [/home/ytr/.local/usr/bin/../lib/gcc/x86_64-linux-gnu/12/../../../x86_64-linux-gnu/crtn.o]
  collapse obj [/home/ytr/.local/usr/bin/../lib/gcc/x86_64-linux-gnu/12/../../../x86_64-linux-gnu/Scrt1.o] ==> [/home/ytr/.local/usr/lib/x86_64-linux-gnu/Scrt1.o]
  collapse obj [/home/ytr/.local/usr/bin/../lib/gcc/x86_64-linux-gnu/12/../../../x86_64-linux-gnu/crti.o] ==> [/home/ytr/.local/usr/lib/x86_64-linux-gnu/crti.o]
  collapse obj [/home/ytr/.local/usr/bin/../lib/gcc/x86_64-linux-gnu/12/crtbeginS.o] ==> [/home/ytr/.local/usr/lib/gcc/x86_64-linux-gnu/12/crtbeginS.o]
  collapse obj [/home/ytr/.local/usr/bin/../lib/gcc/x86_64-linux-gnu/12/crtendS.o] ==> [/home/ytr/.local/usr/lib/gcc/x86_64-linux-gnu/12/crtendS.o]
  collapse obj [/home/ytr/.local/usr/bin/../lib/gcc/x86_64-linux-gnu/12/../../../x86_64-linux-gnu/crtn.o] ==> [/home/ytr/.local/usr/lib/x86_64-linux-gnu/crtn.o]
  collapse library dir [/home/ytr/.local/usr/bin/../lib/gcc/x86_64-linux-gnu/12] ==> [/home/ytr/.local/usr/lib/gcc/x86_64-linux-gnu/12]
  collapse library dir [/home/ytr/.local/usr/bin/../lib/gcc/x86_64-linux-gnu] ==> [/home/ytr/.local/usr/lib/gcc/x86_64-linux-gnu]
  collapse library dir [/home/ytr/.local/usr/bin/../lib/gcc] ==> [/home/ytr/.local/usr/lib/gcc]
  collapse library dir [/home/ytr/.local/usr/bin/../lib/gcc/x86_64-linux-gnu/12/../../../x86_64-linux-gnu] ==> [/home/ytr/.local/usr/lib/x86_64-linux-gnu]
  collapse library dir [/home/ytr/.local/usr/bin/../lib/gcc/x86_64-linux-gnu/12/../../../../lib] ==> [/home/ytr/.local/usr/lib]
  collapse library dir [/lib/x86_64-linux-gnu] ==> [/lib/x86_64-linux-gnu]
  collapse library dir [/lib/../lib] ==> [/lib]
  collapse library dir [/usr/lib/x86_64-linux-gnu] ==> [/usr/lib/x86_64-linux-gnu]
  collapse library dir [/usr/lib/../lib] ==> [/usr/lib]
  collapse library dir [/home/ytr/.local/usr/bin/../lib/gcc/x86_64-linux-gnu/12/../../..] ==> [/home/ytr/.local/usr/lib]
  implicit libs: [gcc;gcc_s;c;gcc;gcc_s]
  implicit objs: [/home/ytr/.local/usr/lib/x86_64-linux-gnu/Scrt1.o;/home/ytr/.local/usr/lib/x86_64-linux-gnu/crti.o;/home/ytr/.local/usr/lib/gcc/x86_64-linux-gnu/12/crtbeginS.o;/home/ytr/.local/usr/lib/gcc/x86_64-linux-gnu/12/crtendS.o;/home/ytr/.local/usr/lib/x86_64-linux-gnu/crtn.o]
  implicit dirs: [/home/ytr/.local/usr/lib/gcc/x86_64-linux-gnu/12;/home/ytr/.local/usr/lib/gcc/x86_64-linux-gnu;/home/ytr/.local/usr/lib/gcc;/home/ytr/.local/usr/lib/x86_64-linux-gnu;/home/ytr/.local/usr/lib;/lib/x86_64-linux-gnu;/lib;/usr/lib/x86_64-linux-gnu;/usr/lib]
  implicit fwks: []


Detecting CXX compiler ABI info compiled with the following output:
Change Dir: /home/ytr/dev_ws/build_3d/fast_lio/CMakeFiles/CMakeTmp

Run Build Command(s):/usr/bin/gmake -f Makefile cmTC_c62a6/fast && /usr/bin/gmake  -f CMakeFiles/cmTC_c62a6.dir/build.make CMakeFiles/cmTC_c62a6.dir/build
gmake[1]: Entering directory '/home/ytr/dev_ws/build_3d/fast_lio/CMakeFiles/CMakeTmp'
Building CXX object CMakeFiles/cmTC_c62a6.dir/CMakeCXXCompilerABI.cpp.o
/home/ytr/.local/bin/g++   -v -o CMakeFiles/cmTC_c62a6.dir/CMakeCXXCompilerABI.cpp.o -c /usr/share/cmake-3.22/Modules/CMakeCXXCompilerABI.cpp
Using built-in specs.
COLLECT_GCC=/home/ytr/.local/bin/g++
OFFLOAD_TARGET_NAMES=nvptx-none:amdgcn-amdhsa
OFFLOAD_TARGET_DEFAULT=1
Target: x86_64-linux-gnu
Configured with: ../src/configure -v --with-pkgversion='Ubuntu 12.3.0-1ubuntu1~22.04.3' --with-bugurl=file:///usr/share/doc/gcc-12/README.Bugs --enable-languages=c,ada,c++,go,d,fortran,objc,obj-c++,m2 --prefix=/usr --with-gcc-major-version-only --program-suffix=-12 --program-prefix=x86_64-linux-gnu- --enable-shared --enable-linker-build-id --libexecdir=/usr/lib --without-included-gettext --enable-threads=posix --libdir=/usr/lib --enable-nls --enable-clocale=gnu --enable-libstdcxx-debug --enable-libstdcxx-time=yes --with-default-libstdcxx-abi=new --enable-gnu-unique-object --disable-vtable-verify --enable-plugin --enable-default-pie --with-system-zlib --enable-libphobos-checking=release --with-target-system-zlib=auto --enable-objc-gc=auto --enable-multiarch --disable-werror --enable-cet --with-arch-32=i686 --with-abi=m64 --with-multilib-list=m32,m64,mx32 --enable-multilib --with-tune=generic --enable-offload-targets=nvptx-none=/build/gcc-12-YswQCa/gcc-12-12.3.0/debian/tmp-nvptx/usr,amdgcn-amdhsa=/build/gcc-12-YswQCa/gcc-12-12.3.0/debian/tmp-gcn/usr --enable-offload-defaulted --without-cuda-driver --enable-checking=release --build=x86_64-linux-gnu --host=x86_64-linux-gnu --target=x86_64-linux-gnu
Thread model: posix
Supported LTO compression algorithms: zlib zstd
gcc version 12.3.0 (Ubuntu 12.3.0-1ubuntu1~22.04.3) 
COLLECT_GCC_OPTIONS='-v' '-o' 'CMakeFiles/cmTC_c62a6.dir/CMakeCXXCompilerABI.cpp.o' '-c' '-shared-libgcc' '-mtune=generic' '-march=x86-64' '-dumpdir' 'CMakeFiles/cmTC_c62a6.dir/'
 /home/ytr/.local/usr/bin/../lib/gcc/x86_64-linux-gnu/12/cc1plus -quiet -v -imultiarch x86_64-linux-gnu -iprefix /home/ytr/.local/usr/bin/../lib/gcc/x86_64-linux-gnu/12/ -D_GNU_SOURCE /usr/share/cmake-3.22/Modules/CMakeCXXCompilerABI.cpp -quiet -dumpdir CMakeFiles/cmTC_c62a6.dir/ -dumpbase CMakeCXXCompilerABI.cpp.cpp -dumpbase-ext .cpp -mtune=generic -march=x86-64 -version -fasynchronous-unwind-tables -fstack-protector-strong -Wformat -Wformat-security -fstack-clash-protection -fcf-protection -o /tmp/ccAcJZBL.s
GNU C++17 (Ubuntu 12.3.0-1ubuntu1~22.04.3) version 12.3.0 (x86_64-linux-gnu)
	compiled by GNU C version 12.3.0, GMP version 6.2.1, MPFR version 4.1.0, MPC version 1.2.1, isl version isl-0.24-GMP

GGC heuristics: --param ggc-min-expand=100 --param ggc-min-heapsize=131072
ignoring nonexistent directory "/home/ytr/.local/usr/bin/../lib/gcc/x86_64-linux-gnu/12/../../../../include/x86_64-linux-gnu/c++/12/x86_64-linux-gnu"
ignoring nonexistent directory "/home/ytr/.local/usr/bin/../lib/gcc/x86_64-linux-gnu/12/include-fixed"
ignoring nonexistent directory "/home/ytr/.local/usr/bin/../lib/gcc/x86_64-linux-gnu/12/../../../../x86_64-linux-gnu/include"
ignoring duplicate directory "/home/ytr/.local/usr/include/c++/12"
ignoring duplicate directory "/home/ytr/.local/usr/include/x86_64-linux-gnu/c++/12"
ignoring duplicate directory "/home/ytr/.local/usr/include/x86_64-linux-gnu/c++/12"
ignoring duplicate directory "/home/ytr/.local/usr/include/c++/12/backward"
ignoring duplicate directory "/home/ytr/.local/usr/lib/gcc/x86_64-linux-gnu/12/include"
ignoring nonexistent directory "/usr/local/include/x86_64-linux-gnu"
ignoring nonexistent directory "/home/ytr/.local/usr/bin/../lib/gcc/../../lib/gcc/x86_64-linux-gnu/12/include-fixed"
ignoring nonexistent directory "/home/ytr/.local/usr/bin/../lib/gcc/../../lib/gcc/x86_64-linux-gnu/12/../../../../x86_64-linux-gnu/include"
#include "..." search starts here:
#include <...> search starts here:
 /home/ytr/.local/usr/include/c++/12
 /home/ytr/.local/usr/include/x86_64-linux-gnu/c++/12
 /home/ytr/.local/usr/include/c++/12/backward
 /home/ytr/.local/usr/lib/gcc/x86_64-linux-gnu/12/include
 /usr/local/include
 /usr/include/x86_64-linux-gnu
 /usr/include
End of search list.
GNU C++17 (Ubuntu 12.3.0-1ubuntu1~22.04.3) version 12.3.0 (x86_64-linux-gnu)
	compiled by GNU C version 12.3.0, GMP version 6.2.1, MPFR version 4.1.0, MPC version 1.2.1, isl version isl-0.24-GMP

GGC heuristics: --param ggc-min-expand=100 --param ggc-min-heapsize=131072
Compiler executable checksum: c10ddf8ebdf2c305adc34ed4a12c969e
COLLECT_GCC_OPTIONS='-v' '-o' 'CMakeFiles/cmTC_c62a6.dir/CMakeCXXCompilerABI.cpp.o' '-c' '-shared-libgcc' '-mtune=generic' '-march=x86-64' '-dumpdir' 'CMakeFiles/cmTC_c62a6.dir/'
 as -v --64 -o CMakeFiles/cmTC_c62a6.dir/CMakeCXXCompilerABI.cpp.o /tmp/ccAcJZBL.s
GNU assembler version 2.38 (x86_64-linux-gnu) using BFD version (GNU Binutils for Ubuntu) 2.38
COMPILER_PATH=/home/ytr/.local/usr/bin/../lib/gcc/x86_64-linux-gnu/12/:/home/ytr/.local/usr/bin/../lib/gcc/x86_64-linux-gnu/:/home/ytr/.local/usr/bin/../lib/gcc/
LIBRARY_PATH=/home/ytr/.local/usr/bin/../lib/gcc/x86_64-linux-gnu/12/:/home/ytr/.local/usr/bin/../lib/gcc/x86_64-linux-gnu/:/home/ytr/.local/usr/bin/../lib/gcc/:/home/ytr/.local/usr/bin/../lib/gcc/x86_64-linux-gnu/12/../../../x86_64-linux-gnu/:/home/ytr/.local/usr/bin/../lib/gcc/x86_64-linux-gnu/12/../../../../lib/:/lib/x86_64-linux-gnu/:/lib/../lib/:/usr/lib/x86_64-linux-gnu/:/usr/lib/../lib/:/home/ytr/.local/usr/bin/../lib/gcc/x86_64-linux-gnu/12/../../../:/lib/:/usr/lib/
COLLECT_GCC_OPTIONS='-v' '-o' 'CMakeFiles/cmTC_c62a6.dir/CMakeCXXCompilerABI.cpp.o' '-c' '-shared-libgcc' '-mtune=generic' '-march=x86-64' '-dumpdir' 'CMakeFiles/cmTC_c62a6.dir/CMakeCXXCompilerABI.cpp.'
Linking CXX executable cmTC_c62a6
/usr/bin/cmake -E cmake_link_script CMakeFiles/cmTC_c62a6.dir/link.txt --verbose=1
/home/ytr/.local/bin/g++  -v CMakeFiles/cmTC_c62a6.dir/CMakeCXXCompilerABI.cpp.o -o cmTC_c62a6 
Using built-in specs.
COLLECT_GCC=/home/ytr/.local/bin/g++
COLLECT_LTO_WRAPPER=/home/ytr/.local/usr/bin/../lib/gcc/x86_64-linux-gnu/12/lto-wrapper
OFFLOAD_TARGET_NAMES=nvptx-none:amdgcn-amdhsa
OFFLOAD_TARGET_DEFAULT=1
Target: x86_64-linux-gnu
Configured with: ../src/configure -v --with-pkgversion='Ubuntu 12.3.0-1ubuntu1~22.04.3' --with-bugurl=file:///usr/share/doc/gcc-12/README.Bugs --enable-languages=c,ada,c++,go,d,fortran,objc,obj-c++,m2 --prefix=/usr --with-gcc-major-version-only --program-suffix=-12 --program-prefix=x86_64-linux-gnu- --enable-shared --enable-linker-build-id --libexecdir=/usr/lib --without-included-gettext --enable-threads=posix --libdir=/usr/lib --enable-nls --enable-clocale=gnu --enable-libstdcxx-debug --enable-libstdcxx-time=yes --with-default-libstdcxx-abi=new --enable-gnu-unique-object --disable-vtable-verify --enable-plugin --enable-default-pie --with-system-zlib --enable-libphobos-checking=release --with-target-system-zlib=auto --enable-objc-gc=auto --enable-multiarch --disable-werror --enable-cet --with-arch-32=i686 --with-abi=m64 --with-multilib-list=m32,m64,mx32 --enable-multilib --with-tune=generic --enable-offload-targets=nvptx-none=/build/gcc-12-YswQCa/gcc-12-12.3.0/debian/tmp-nvptx/usr,amdgcn-amdhsa=/build/gcc-12-YswQCa/gcc-12-12.3.0/debian/tmp-gcn/usr --enable-offload-defaulted --without-cuda-driver --enable-checking=release --build=x86_64-linux-gnu --host=x86_64-linux-gnu --target=x86_64-linux-gnu
Thread model: posix
Supported LTO compression algorithms: zlib zstd
gcc version 12.3.0 (Ubuntu 12.3.0-1ubuntu1~22.04.3) 
COMPILER_PATH=/home/ytr/.local/usr/bin/../lib/gcc/x86_64-linux-gnu/12/:/home/ytr/.local/usr/bin/../lib/gcc/x86_64-linux-gnu/:/home/ytr/.local/usr/bin/../lib/gcc/
LIBRARY_PATH=/home/ytr/.local/usr/bin/../lib/gcc/x86_64-linux-gnu/12/:/home/ytr/.local/usr/bin/../lib/gcc/x86_64-linux-gnu/:/home/ytr/.local/usr/bin/../lib/gcc/:/home/ytr/.local/usr/bin/../lib/gcc/x86_64-linux-gnu/12/../../../x86_64-linux-gnu/:/home/ytr/.local/usr/bin/../lib/gcc/x86_64-linux-gnu/12/../../../../lib/:/lib/x86_64-linux-gnu/:/lib/../lib/:/usr/lib/x86_64-linux-gnu/:/usr/lib/../lib/:/home/ytr/.local/usr/bin/../lib/gcc/x86_64-linux-gnu/12/../../../:/lib/:/usr/lib/
COLLECT_GCC_OPTIONS='-v' '-o' 'cmTC_c62a6' '-shared-libgcc' '-mtune=generic' '-march=x86-64' '-dumpdir' 'cmTC_c62a6.'
 /home/ytr/.local/usr/bin/../lib/gcc/x86_64-linux-gnu/12/collect2 -plugin /home/ytr/.local/usr/bin/../lib/gcc/x86_64-linux-gnu/12/liblto_plugin.so -plugin-opt=/home/ytr/.local/usr/bin/../lib/gcc/x86_64-linux-gnu/12/lto-wrapper -plugin-opt=-fresolution=/tmp/ccuHXlnA.res -plugin-opt=-pass-through=-lgcc_s -plugin-opt=-pass-through=-lgcc -plugin-opt=-pass-through=-lc -plugin-opt=-pass-through=-lgcc_s -plugin-opt=-pass-through=-lgcc --build-id --eh-frame-hdr -m elf_x86_64 --hash-style=gnu --as-needed -dynamic-linker /lib64/ld-linux-x86-64.so.2 -pie -z now -z relro -o cmTC_c62a6 /home/ytr/.local/usr/bin/../lib/gcc/x86_64-linux-gnu/12/../../../x86_64-linux-gnu/Scrt1.o /home/ytr/.local/usr/bin/../lib/gcc/x86_64-linux-gnu/12/../../../x86_64-linux-gnu/crti.o /home/ytr/.local/usr/bin/../lib/gcc/x86_64-linux-gnu/12/crtbeginS.o -L/home/ytr/.local/usr/bin/../lib/gcc/x86_64-linux-gnu/12 -L/home/ytr/.local/usr/bin/../lib/gcc/x86_64-linux-gnu -L/home/ytr/.local/usr/bin/../lib/gcc -L/home/ytr/.local/usr/bin/../lib/gcc/x86_64-linux-gnu/12/../../../x86_64-linux-gnu -L/home/ytr/.local/usr/bin/../lib/gcc/x86_64-linux-gnu/12/../../../../lib -L/lib/x86_64-linux-gnu -L/lib/../lib -L/usr/lib/x86_64-linux-gnu -L/usr/lib/../lib -L/home/ytr/.local/usr/bin/../lib/gcc/x86_64-linux-gnu/12/../../.. CMakeFiles/cmTC_c62a6.dir/CMakeCXXCompilerABI.cpp.o -lstdc++ -lm -lgcc_s -lgcc -lc -lgcc_s -lgcc /home/ytr/.local/usr/bin/../lib/gcc/x86_64-linux-gnu/12/crtendS.o /home/ytr/.local/usr/bin/../lib/gcc/x86_64-linux-gnu/12/../../../x86_64-linux-gnu/crtn.o
COLLECT_GCC_OPTIONS='-v' '-o' 'cmTC_c62a6' '-shared-libgcc' '-mtune=generic' '-march=x86-64' '-dumpdir' 'cmTC_c62a6.'
gmake[1]: Leaving directory '/home/ytr/dev_ws/build_3d/fast_lio/CMakeFiles/CMakeTmp'



Parsed CXX implicit include dir info from above output: rv=done
  found start of include info
  found start of implicit include info
    add: [/home/ytr/.local/usr/include/c++/12]
    add: [/home/ytr/.local/usr/include/x86_64-linux-gnu/c++/12]
    add: [/home/ytr/.local/usr/include/c++/12/backward]
    add: [/home/ytr/.local/usr/lib/gcc/x86_64-linux-gnu/12/include]
    add: [/usr/local/include]
    add: [/usr/include/x86_64-linux-gnu]
    add: [/usr/include]
  end of search list found
  collapse include dir [/home/ytr/.local/usr/include/c++/12] ==> [/home/ytr/.local/usr/include/c++/12]
  collapse include dir [/home/ytr/.local/usr/include/x86_64-linux-gnu/c++/12] ==> [/home/ytr/.local/usr/include/x86_64-linux-gnu/c++/12]
  collapse include dir [/home/ytr/.local/usr/include/c++/12/backward] ==> [/home/ytr/.local/usr/include/c++/12/backward]
  collapse include dir [/home/ytr/.local/usr/lib/gcc/x86_64-linux-gnu/12/include] ==> [/home/ytr/.local/usr/lib/gcc/x86_64-linux-gnu/12/include]
  collapse include dir [/usr/local/include] ==> [/usr/local/include]
  collapse include dir [/usr/include/x86_64-linux-gnu] ==> [/usr/include/x86_64-linux-gnu]
  collapse include dir [/usr/include] ==> [/usr/include]
  implicit include dirs: [/home/ytr/.local/usr/include/c++/12;/home/ytr/.local/usr/include/x86_64-linux-gnu/c++/12;/home/ytr/.local/usr/include/c++/12/backward;/home/ytr/.local/usr/lib/gcc/x86_64-linux-gnu/12/include;/usr/local/include;/usr/include/x86_64-linux-gnu;/usr/include]


Parsed CXX implicit link information from above output:
  link line regex: [^( *|.*[/\])(ld|CMAKE_LINK_STARTFILE-NOTFOUND|([^/\]+-)?ld|collect2)[^/\]*( |$)]
  ignore line: [Change Dir: /home/ytr/dev_ws/build_3d/fast_lio/CMakeFiles/CMakeTmp]
  ignore line: []
  ignore line: [Run Build Command(s):/usr/bin/gmake -f Makefile cmTC_c62a6/fast && /usr/bin/gmake  -f CMakeFiles/cmTC_c62a6.dir/build.make CMakeFiles/cmTC_c62a6.dir/build]
  ignore line: [gmake[1]: Entering directory '/home/ytr/dev_ws/build_3d/fast_lio/CMakeFiles/CMakeTmp']
  ignore line: [Building CXX object CMakeFiles/cmTC_c62a6.dir/CMakeCXXCompilerABI.cpp.o]
  ignore line: [/home/ytr/.local/bin/g++   -v -o CMakeFiles/cmTC_c62a6.dir/CMakeCXXCompilerABI.cpp.o -c /usr/share/cmake-3.22/Modules/CMakeCXXCompilerABI.cpp]
  ignore line: [Using built-in specs.]
  ignore line: [COLLECT_GCC=/home/ytr/.local/bin/g++]
  ignore line: [OFFLOAD_TARGET_NAMES=nvptx-none:amdgcn-amdhsa]
  ignore line: [OFFLOAD_TARGET_DEFAULT=1]
  ignore line: [Target: x86_64-linux-gnu]
  ignore line: [Configured with: ../src/configure -v --with-pkgversion='Ubuntu 12.3.0-1ubuntu1~22.04.3' --with-bugurl=file:///usr/share/doc/gcc-12/README.Bugs --enable-languages=c ada c++ go d fortran objc obj-c++ m2 --prefix=/usr --with-gcc-major-version-only --program-suffix=-12 --program-prefix=x86_64-linux-gnu- --enable-shared --enable-linker-build-id --libexecdir=/usr/lib --without-included-gettext --enable-threads=posix --libdir=/usr/lib --enable-nls --enable-clocale=gnu --enable-libstdcxx-debug --enable-libstdcxx-time=yes --with-default-libstdcxx-abi=new --enable-gnu-unique-object --disable-vtable-verify --enable-plugin --enable-default-pie --with-system-zlib --enable-libphobos-checking=release --with-target-system-zlib=auto --enable-objc-gc=auto --enable-multiarch --disable-werror --enable-cet --with-arch-32=i686 --with-abi=m64 --with-multilib-list=m32 m64 mx32 --enable-multilib --with-tune=generic --enable-offload-targets=nvptx-none=/build/gcc-12-YswQCa/gcc-12-12.3.0/debian/tmp-nvptx/usr amdgcn-amdhsa=/build/gcc-12-YswQCa/gcc-12-12.3.0/debian/tmp-gcn/usr --enable-offload-defaulted --without-cuda-driver --enable-checking=release --build=x86_64-linux-gnu --host=x86_64-linux-gnu --target=x86_64-linux-gnu]
  ignore line: [Thread model: posix]
  ignore line: [Supported LTO compression algorithms: zlib zstd]
  ignore line: [gcc version 12.3.0 (Ubuntu 12.3.0-1ubuntu1~22.04.3) ]
  ignore line: [COLLECT_GCC_OPTIONS='-v' '-o' 'CMakeFiles/cmTC_c62a6.dir/CMakeCXXCompilerABI.cpp.o' '-c' '-shared-libgcc' '-mtune=generic' '-march=x86-64' '-dumpdir' 'CMakeFiles/cmTC_c62a6.dir/']
  ignore line: [ /home/ytr/.local/usr/bin/../lib/gcc/x86_64-linux-gnu/12/cc1plus -quiet -v -imultiarch x86_64-linux-gnu -iprefix /home/ytr/.local/usr/bin/../lib/gcc/x86_64-linux-gnu/12/ -D_GNU_SOURCE /usr/share/cmake-3.22/Modules/CMakeCXXCompilerABI.cpp -quiet -dumpdir CMakeFiles/cmTC_c62a6.dir/ -dumpbase CMakeCXXCompilerABI.cpp.cpp -dumpbase-ext .cpp -mtune=generic -march=x86-64 -version -fasynchronous-unwind-tables -fstack-protector-strong -Wformat -Wformat-security -fstack-clash-protection -fcf-protection -o /tmp/ccAcJZBL.s]
  ignore line: [GNU C++17 (Ubuntu 12.3.0-1ubuntu1~22.04.3) version 12.3.0 (x86_64-linux-gnu)]
  ignore line: [	compiled by GNU C version 12.3.0  GMP version 6.2.1  MPFR version 4.1.0  MPC version 1.2.1  isl version isl-0.24-GMP]
  ignore line: []
  ignore line: [GGC heuristics: --param ggc-min-expand=100 --param ggc-min-heapsize=131072]
  ignore line: [ignoring nonexistent directory "/home/ytr/.local/usr/bin/../lib/gcc/x86_64-linux-gnu/12/../../../../include/x86_64-linux-gnu/c++/12/x86_64-linux-gnu"]
  ignore line: [ignoring nonexistent directory "/home/ytr/.local/usr/bin/../lib/gcc/x86_64-linux-gnu/12/include-fixed"]
  ignore line: [ignoring nonexistent directory "/home/ytr/.local/usr/bin/../lib/gcc/x86_64-linux-gnu/12/../../../../x86_64-linux-gnu/include"]
  ignore line: [ignoring duplicate directory "/home/ytr/.local/usr/include/c++/12"]
  ignore line: [ignoring duplicate directory "/home/ytr/.local/usr/include/x86_64-linux-gnu/c++/12"]
  ignore line: [ignoring duplicate directory "/home/ytr/.local/usr/include/x86_64-linux-gnu/c++/12"]
  ignore line: [ignoring duplicate directory "/home/ytr/.local/usr/include/c++/12/backward"]
  ignore line: [ignoring duplicate directory "/home/ytr/.local/usr/lib/gcc/x86_64-linux-gnu/12/include"]
  ignore line: [ignoring nonexistent directory "/usr/local/include/x86_64-linux-gnu"]
  ignore line: [ignoring nonexistent directory "/home/ytr/.local/usr/bin/../lib/gcc/../../lib/gcc/x86_64-linux-gnu/12/include-fixed"]
  ignore line: [ignoring nonexistent directory "/home/ytr/.local/usr/bin/../lib/gcc/../../lib/gcc/x86_64-linux-gnu/12/../../../../x86_64-linux-gnu/include"]
  ignore line: [#include "..." search starts here:]
  ignore line: [#include <...> search starts here:]
  ignore line: [ /home/ytr/.local/usr/include/c++/12]
  ignore line: [ /home/ytr/.local/usr/include/x86_64-linux-gnu/c++/12]
  ignore line: [ /home/ytr/.local/usr/include/c++/12/backward]
  ignore line: [ /home/ytr/.local/usr/lib/gcc/x86_64-linux-gnu/12/include]
  ignore line: [ /usr/local/include]
  ignore line: [ /usr/include/x86_64-linux-gnu]
  ignore line: [ /usr/include]
  ignore line: [End of search list.]
  ignore line: [GNU C++17 (Ubuntu 12.3.0-1ubuntu1~22.04.3) version 12.3.0 (x86_64-linux-gnu)]
  ignore line: [	compiled by GNU C version 12.3.0  GMP version 6.2.1  MPFR version 4.1.0  MPC version 1.2.1  isl version isl-0.24-GMP]
  ignore line: []
  ignore line: [GGC heuristics: --param ggc-min-expand=100 --param ggc-min-heapsize=131072]
  ignore line: [Compiler executable checksum: c10ddf8ebdf2c305adc34ed4a12c969e]
  ignore line: [COLLECT_GCC_OPTIONS='-v' '-o' 'CMakeFiles/cmTC_c62a6.dir/CMakeCXXCompilerABI.cpp.o' '-c' '-shared-libgcc' '-mtune=generic' '-march=x86-64' '-dumpdir' 'CMakeFiles/cmTC_c62a6.dir/']
  ignore line: [ as -v --64 -o CMakeFiles/cmTC_c62a6.dir/CMakeCXXCompilerABI.cpp.o /tmp/ccAcJZBL.s]
  ignore line: [GNU assembler version 2.38 (x86_64-linux-gnu) using BFD version (GNU Binutils for Ubuntu) 2.38]
  ignore line: [COMPILER_PATH=/home/ytr/.local/usr/bin/../lib/gcc/x86_64-linux-gnu/12/:/home/ytr/.local/usr/bin/../lib/gcc/x86_64-linux-gnu/:/home/ytr/.local/usr/bin/../lib/gcc/]
  ignore line: [LIBRARY_PATH=/home/ytr/.local/usr/bin/../lib/gcc/x86_64-linux-gnu/12/:/home/ytr/.local/usr/bin/../lib/gcc/x86_64-linux-gnu/:/home/ytr/.local/usr/bin/../lib/gcc/:/home/ytr/.local/usr/bin/../lib/gcc/x86_64-linux-gnu/12/../../../x86_64-linux-gnu/:/home/ytr/.local/usr/bin/../lib/gcc/x86_64-linux-gnu/12/../../../../lib/:/lib/x86_64-linux-gnu/:/lib/../lib/:/usr/lib/x86_64-linux-gnu/:/usr/lib/../lib/:/home/ytr/.local/usr/bin/../lib/gcc/x86_64-linux-gnu/12/../../../:/lib/:/usr/lib/]
  ignore line: [COLLECT_GCC_OPTIONS='-v' '-o' 'CMakeFiles/cmTC_c62a6.dir/CMakeCXXCompilerABI.cpp.o' '-c' '-shared-libgcc' '-mtune=generic' '-march=x86-64' '-dumpdir' 'CMakeFiles/cmTC_c62a6.dir/CMakeCXXCompilerABI.cpp.']
  ignore line: [Linking CXX executable cmTC_c62a6]
  ignore line: [/usr/bin/cmake -E cmake_link_script CMakeFiles/cmTC_c62a6.dir/link.txt --verbose=1]
  ignore line: [/home/ytr/.local/bin/g++  -v CMakeFiles/cmTC_c62a6.dir/CMakeCXXCompilerABI.cpp.o -o cmTC_c62a6 ]
  ignore line: [Using built-in specs.]
  ignore line: [COLLECT_GCC=/home/ytr/.local/bin/g++]
  ignore line: [COLLECT_LTO_WRAPPER=/home/ytr/.local/usr/bin/../lib/gcc/x86_64-linux-gnu/12/lto-wrapper]
  ignore line: [OFFLOAD_TARGET_NAMES=nvptx-none:amdgcn-amdhsa]
  ignore line: [OFFLOAD_TARGET_DEFAULT=1]
  ignore line: [Target: x86_64-linux-gnu]
  ignore line: [Configured with: ../src/configure -v --with-pkgversion='Ubuntu 12.3.0-1ubuntu1~22.04.3' --with-bugurl=file:///usr/share/doc/gcc-12/README.Bugs --enable-languages=c ada c++ go d fortran objc obj-c++ m2 --prefix=/usr --with-gcc-major-version-only --program-suffix=-12 --program-prefix=x86_64-linux-gnu- --enable-shared --enable-linker-build-id --libexecdir=/usr/lib --without-included-gettext --enable-threads=posix --libdir=/usr/lib --enable-nls --enable-clocale=gnu --enable-libstdcxx-debug --enable-libstdcxx-time=yes --with-default-libstdcxx-abi=new --enable-gnu-unique-object --disable-vtable-verify --enable-plugin --enable-default-pie --with-system-zlib --enable-libphobos-checking=release --with-target-system-zlib=auto --enable-objc-gc=auto --enable-multiarch --disable-werror --enable-cet --with-arch-32=i686 --with-abi=m64 --with-multilib-list=m32 m64 mx32 --enable-multilib --with-tune=generic --enable-offload-targets=nvptx-none=/build/gcc-12-YswQCa/gcc-12-12.3.0/debian/tmp-nvptx/usr amdgcn-amdhsa=/build/gcc-12-YswQCa/gcc-12-12.3.0/debian/tmp-gcn/usr --enable-offload-defaulted --without-cuda-driver --enable-checking=release --build=x86_64-linux-gnu --host=x86_64-linux-gnu --target=x86_64-linux-gnu]
  ignore line: [Thread model: posix]
  ignore line: [Supported LTO compression algorithms: zlib zstd]
  ignore line: [gcc version 12.3.0 (Ubuntu 12.3.0-1ubuntu1~22.04.3) ]
  ignore line: [COMPILER_PATH=/home/ytr/.local/usr/bin/../lib/gcc/x86_64-linux-gnu/12/:/home/ytr/.local/usr/bin/../lib/gcc/x86_64-linux-gnu/:/home/ytr/.local/usr/bin/../lib/gcc/]
  ignore line: [LIBRARY_PATH=/home/ytr/.local/usr/bin/../lib/gcc/x86_64-linux-gnu/12/:/home/ytr/.local/usr/bin/../lib/gcc/x86_64-linux-gnu/:/home/ytr/.local/usr/bin/../lib/gcc/:/home/ytr/.local/usr/bin/../lib/gcc/x86_64-linux-gnu/12/../../../x86_64-linux-gnu/:/home/ytr/.local/usr/bin/../lib/gcc/x86_64-linux-gnu/12/../../../../lib/:/lib/x86_64-linux-gnu/:/lib/../lib/:/usr/lib/x86_64-linux-gnu/:/usr/lib/../lib/:/home/ytr/.local/usr/bin/../lib/gcc/x86_64-linux-gnu/12/../../../:/lib/:/usr/lib/]
  ignore line: [COLLECT_GCC_OPTIONS='-v' '-o' 'cmTC_c62a6' '-shared-libgcc' '-mtune=generic' '-march=x86-64' '-dumpdir' 'cmTC_c62a6.']
  link line: [ /home/ytr/.local/usr/bin/../lib/gcc/x86_64-linux-gnu/12/collect2 -plugin /home/ytr/.local/usr/bin/../lib/gcc/x86_64-linux-gnu/12/liblto_plugin.so -plugin-opt=/home/ytr/.local/usr/bin/../lib/gcc/x86_64-linux-gnu/12/lto-wrapper -plugin-opt=-fresolution=/tmp/ccuHXlnA.res -plugin-opt=-pass-through=-lgcc_s -plugin-opt=-pass-through=-lgcc -plugin-opt=-pass-through=-lc -plugin-opt=-pass-through=-lgcc_s -plugin-opt=-pass-through=-lgcc --build-id --eh-frame-hdr -m elf_x86_64 --hash-style=gnu --as-needed -dynamic-linker /lib64/ld-linux-x86-64.so.2 -pie -z now -z relro -o cmTC_c62a6 /home/ytr/.local/usr/bin/../lib/gcc/x86_64-linux-gnu/12/../../../x86_64-linux-gnu/Scrt1.o /home/ytr/.local/usr/bin/../lib/gcc/x86_64-linux-gnu/12/../../../x86_64-linux-gnu/crti.o /home/ytr/.local/usr/bin/../lib/gcc/x86_64-linux-gnu/12/crtbeginS.o -L/home/ytr/.local/usr/bin/../lib/gcc/x86_64-linux-gnu/12 -L/home/ytr/.local/usr/bin/../lib/gcc/x86_64-linux-gnu -L/home/ytr/.local/usr/bin/../lib/gcc -L/home/ytr/.local/usr/bin/../lib/gcc/x86_64-linux-gnu/12/../../../x86_64-linux-gnu -L/home/ytr/.local/usr/bin/../lib/gcc/x86_64-linux-gnu/12/../../../../lib -L/lib/x86_64-linux-gnu -L/lib/../lib -L/usr/lib/x86_64-linux-gnu -L/usr/lib/../lib -L/home/ytr/.local/usr/bin/../lib/gcc/x86_64-linux-gnu/12/../../.. CMakeFiles/cmTC_c62a6.dir/CMakeCXXCompilerABI.cpp.o -lstdc++ -lm -lgcc_s -lgcc -lc -lgcc_s -lgcc /home/ytr/.local/usr/bin/../lib/gcc/x86_64-linux-gnu/12/crtendS.o /home/ytr/.local/usr/bin/../lib/gcc/x86_64-linux-gnu/12/../../../x86_64-linux-gnu/crtn.o]
    arg [/home/ytr/.local/usr/bin/../lib/gcc/x86_64-linux-gnu/12/collect2] ==> ignore
    arg [-plugin] ==> ignore
    arg [/home/ytr/.local/usr/bin/../lib/gcc/x86_64-linux-gnu/12/liblto_plugin.so] ==> ignore
    arg [-plugin-opt=/home/ytr/.local/usr/bin/../lib/gcc/x86_64-linux-gnu/12/lto-wrapper] ==> ignore
    arg [-plugin-opt=-fresolution=/tmp/ccuHXlnA.res] ==> ignore
    arg [-plugin-opt=-pass-through=-lgcc_s] ==> ignore
    arg [-plugin-opt=-pass-through=-lgcc] ==> ignore
    arg [-plugin-opt=-pass-through=-lc] ==> ignore
    arg [-plugin-opt=-pass-through=-lgcc_s] ==> ignore
    arg [-plugin-opt=-pass-through=-lgcc] ==> ignore
    arg [--build-id] ==> ignore
    arg [--eh-frame-hdr] ==> ignore
    arg [-m] ==> ignore
    arg [elf_x86_64] ==> ignore
    arg [--hash-style=gnu] ==> ignore
    arg [--as-needed] ==> ignore
    arg [-dynamic-linker] ==> ignore
    arg [/lib64/ld-linux-x86-64.so.2] ==> ignore
    arg [-pie] ==> ignore
    arg [-znow] ==> ignore
    arg [-zrelro] ==> ignore
    arg [-o] ==> ignore
    arg [cmTC_c62a6] ==> ignore
    arg [/home/ytr/.local/usr/bin/../lib/gcc/x86_64-linux-gnu/12/../../../x86_64-linux-gnu/Scrt1.o] ==> obj [/home/ytr/.local/usr/bin/../lib/gcc/x86_64-linux-gnu/12/../../../x86_64-linux-gnu/Scrt1.o]
    arg [/home/ytr/.local/usr/bin/../lib/gcc/x86_64-linux-gnu/12/../../../x86_64-linux-gnu/crti.o] ==> obj [/home/ytr/.local/usr/bin/../lib/gcc/x86_64-linux-gnu/12/../../../x86_64-linux-gnu/crti.o]
    arg [/home/ytr/.local/usr/bin/../lib/gcc/x86_64-linux-gnu/12/crtbeginS.o] ==> obj [/home/ytr/.local/usr/bin/../lib/gcc/x86_64-linux-gnu/12/crtbeginS.o]
    arg [-L/home/ytr/.local/usr/bin/../lib/gcc/x86_64-linux-gnu/12] ==> dir [/home/ytr/.local/usr/bin/../lib/gcc/x86_64-linux-gnu/12]
    arg [-L/home/ytr/.local/usr/bin/../lib/gcc/x86_64-linux-gnu] ==> dir [/home/ytr/.local/usr/bin/../lib/gcc/x86_64-linux-gnu]
    arg [-L/home/ytr/.local/usr/bin/../lib/gcc] ==> dir [/home/ytr/.local/usr/bin/../lib/gcc]
    arg [-L/home/ytr/.local/usr/bin/../lib/gcc/x86_64-linux-gnu/12/../../../x86_64-linux-gnu] ==> dir [/home/ytr/.local/usr/bin/../lib/gcc/x86_64-linux-gnu/12/../../../x86_64-linux-gnu]
    arg [-L/home/ytr/.local/usr/bin/../lib/gcc/x86_64-linux-gnu/12/../../../../lib] ==> dir [/home/ytr/.local/usr/bin/../lib/gcc/x86_64-linux-gnu/12/../../../../lib]
    arg [-L/lib/x86_64-linux-gnu] ==> dir [/lib/x86_64-linux-gnu]
    arg [-L/lib/../lib] ==> dir [/lib/../lib]
    arg [-L/usr/lib/x86_64-linux-gnu] ==> dir [/usr/lib/x86_64-linux-gnu]
    arg [-L/usr/lib/../lib] ==> dir [/usr/lib/../lib]
    arg [-L/home/ytr/.local/usr/bin/../lib/gcc/x86_64-linux-gnu/12/../../..] ==> dir [/home/ytr/.local/usr/bin/../lib/gcc/x86_64-linux-gnu/12/../../..]
    arg [CMakeFiles/cmTC_c62a6.dir/CMakeCXXCompilerABI.cpp.o] ==> ignore
    arg [-lstdc++] ==> lib [stdc++]
    arg [-lm] ==> lib [m]
    arg [-lgcc_s] ==> lib [gcc_s]
    arg [-lgcc] ==> lib [gcc]
    arg [-lc] ==> lib [c]
    arg [-lgcc_s] ==> lib [gcc_s]
    arg [-lgcc] ==> lib [gcc]
    arg [/home/ytr/.local/usr/bin/../lib/gcc/x86_64-linux-gnu/12/crtendS.o] ==> obj [/home/ytr/.local/usr/bin/../lib/gcc/x86_64-linux-gnu/12/crtendS.o]
    arg [/home/ytr/.local/usr/bin/../lib/gcc/x86_64-linux-gnu/12/../../../x86_64-linux-gnu/crtn.o] ==> obj [/home/ytr/.local/usr/bin/../lib/gcc/x86_64-linux-gnu/12/../../../x86_64-linux-gnu/crtn.o]
  collapse obj [/home/ytr/.local/usr/bin/../lib/gcc/x86_64-linux-gnu/12/../../../x86_64-linux-gnu/Scrt1.o] ==> [/home/ytr/.local/usr/lib/x86_64-linux-gnu/Scrt1.o]
  collapse obj [/home/ytr/.local/usr/bin/../lib/gcc/x86_64-linux-gnu/12/../../../x86_64-linux-gnu/crti.o] ==> [/home/ytr/.local/usr/lib/x86_64-linux-gnu/crti.o]
  collapse obj [/home/ytr/.local/usr/bin/../lib/gcc/x86_64-linux-gnu/12/crtbeginS.o] ==> [/home/ytr/.local/usr/lib/gcc/x86_64-linux-gnu/12/crtbeginS.o]
  collapse obj [/home/ytr/.local/usr/bin/../lib/gcc/x86_64-linux-gnu/12/crtendS.o] ==> [/home/ytr/.local/usr/lib/gcc/x86_64-linux-gnu/12/crtendS.o]
  collapse obj [/home/ytr/.local/usr/bin/../lib/gcc/x86_64-linux-gnu/12/../../../x86_64-linux-gnu/crtn.o] ==> [/home/ytr/.local/usr/lib/x86_64-linux-gnu/crtn.o]
  collapse library dir [/home/ytr/.local/usr/bin/../lib/gcc/x86_64-linux-gnu/12] ==> [/home/ytr/.local/usr/lib/gcc/x86_64-linux-gnu/12]
  collapse library dir [/home/ytr/.local/usr/bin/../lib/gcc/x86_64-linux-gnu] ==> [/home/ytr/.local/usr/lib/gcc/x86_64-linux-gnu]
  collapse library dir [/home/ytr/.local/usr/bin/../lib/gcc] ==> [/home/ytr/.local/usr/lib/gcc]
  collapse library dir [/home/ytr/.local/usr/bin/../lib/gcc/x86_64-linux-gnu/12/../../../x86_64-linux-gnu] ==> [/home/ytr/.local/usr/lib/x86_64-linux-gnu]
  collapse library dir [/home/ytr/.local/usr/bin/../lib/gcc/x86_64-linux-gnu/12/../../../../lib] ==> [/home/ytr/.local/usr/lib]
  collapse library dir [/lib/x86_64-linux-gnu] ==> [/lib/x86_64-linux-gnu]
  collapse library dir [/lib/../lib] ==> [/lib]
  collapse library dir [/usr/lib/x86_64-linux-gnu] ==> [/usr/lib/x86_64-linux-gnu]
  collapse library dir [/usr/lib/../lib] ==> [/usr/lib]
  collapse library dir [/home/ytr/.local/usr/bin/../lib/gcc/x86_64-linux-gnu/12/../../..] ==> [/home/ytr/.local/usr/lib]
  implicit libs: [stdc++;m;gcc_s;gcc;c;gcc_s;gcc]
  implicit objs: [/home/ytr/.local/usr/lib/x86_64-linux-gnu/Scrt1.o;/home/ytr/.local/usr/lib/x86_64-linux-gnu/crti.o;/home/ytr/.local/usr/lib/gcc/x86_64-linux-gnu/12/crtbeginS.o;/home/ytr/.local/usr/lib/gcc/x86_64-linux-gnu/12/crtendS.o;/home/ytr/.local/usr/lib/x86_64-linux-gnu/crtn.o]
  implicit dirs: [/home/ytr/.local/usr/lib/gcc/x86_64-linux-gnu/12;/home/ytr/.local/usr/lib/gcc/x86_64-linux-gnu;/home/ytr/.local/usr/lib/gcc;/home/ytr/.local/usr/lib/x86_64-linux-gnu;/home/ytr/.local/usr/lib;/lib/x86_64-linux-gnu;/lib;/usr/lib/x86_64-linux-gnu;/usr/lib]
  implicit fwks: []


Detecting C OpenMP compiler ABI info compiled with the following output:
Change Dir: /home/ytr/dev_ws/build_3d/fast_lio/CMakeFiles/CMakeTmp

Run Build Command(s):/usr/bin/gmake -f Makefile cmTC_d88a0/fast && /usr/bin/gmake  -f CMakeFiles/cmTC_d88a0.dir/build.make CMakeFiles/cmTC_d88a0.dir/build
gmake[1]: Entering directory '/home/ytr/dev_ws/build_3d/fast_lio/CMakeFiles/CMakeTmp'
Building C object CMakeFiles/cmTC_d88a0.dir/OpenMPTryFlag.c.o
/home/ytr/.local/bin/cc   -fexceptions -fopenmp -v -fPIE -o CMakeFiles/cmTC_d88a0.dir/OpenMPTryFlag.c.o -c /home/ytr/dev_ws/build_3d/fast_lio/CMakeFiles/FindOpenMP/OpenMPTryFlag.c
Using built-in specs.
COLLECT_GCC=/home/ytr/.local/bin/cc
OFFLOAD_TARGET_NAMES=nvptx-none:amdgcn-amdhsa
OFFLOAD_TARGET_DEFAULT=1
Target: x86_64-linux-gnu
Configured with: ../src/configure -v --with-pkgversion='Ubuntu 12.3.0-1ubuntu1~22.04.3' --with-bugurl=file:///usr/share/doc/gcc-12/README.Bugs --enable-languages=c,ada,c++,go,d,fortran,objc,obj-c++,m2 --prefix=/usr --with-gcc-major-version-only --program-suffix=-12 --program-prefix=x86_64-linux-gnu- --enable-shared --enable-linker-build-id --libexecdir=/usr/lib --without-included-gettext --enable-threads=posix --libdir=/usr/lib --enable-nls --enable-clocale=gnu --enable-libstdcxx-debug --enable-libstdcxx-time=yes --with-default-libstdcxx-abi=new --enable-gnu-unique-object --disable-vtable-verify --enable-plugin --enable-default-pie --with-system-zlib --enable-libphobos-checking=release --with-target-system-zlib=auto --enable-objc-gc=auto --enable-multiarch --disable-werror --enable-cet --with-arch-32=i686 --with-abi=m64 --with-multilib-list=m32,m64,mx32 --enable-multilib --with-tune=generic --enable-offload-targets=nvptx-none=/build/gcc-12-YswQCa/gcc-12-12.3.0/debian/tmp-nvptx/usr,amdgcn-amdhsa=/build/gcc-12-YswQCa/gcc-12-12.3.0/debian/tmp-gcn/usr --enable-offload-defaulted --without-cuda-driver --enable-checking=release --build=x86_64-linux-gnu --host=x86_64-linux-gnu --target=x86_64-linux-gnu
Thread model: posix
Supported LTO compression algorithms: zlib zstd
gcc version 12.3.0 (Ubuntu 12.3.0-1ubuntu1~22.04.3) 
COLLECT_GCC_OPTIONS='-fexceptions' '-fopenmp' '-v' '-fPIE' '-o' 'CMakeFiles/cmTC_d88a0.dir/OpenMPTryFlag.c.o' '-c' '-mtune=generic' '-march=x86-64' '-pthread' '-dumpdir' 'CMakeFiles/cmTC_d88a0.dir/'
 /home/ytr/.local/usr/bin/../lib/gcc/x86_64-linux-gnu/12/cc1 -quiet -v -imultiarch x86_64-linux-gnu -iprefix /home/ytr/.local/usr/bin/../lib/gcc/x86_64-linux-gnu/12/ -D_REENTRANT /home/ytr/dev_ws/build_3d/fast_lio/CMakeFiles/FindOpenMP/OpenMPTryFlag.c -quiet -dumpdir CMakeFiles/cmTC_d88a0.dir/ -dumpbase OpenMPTryFlag.c.c -dumpbase-ext .c -mtune=generic -march=x86-64 -version -fexceptions -fopenmp -fPIE -fasynchronous-unwind-tables -fstack-protector-strong -Wformat -Wformat-security -fstack-clash-protection -fcf-protection -o /tmp/cctT5ClW.s
GNU C17 (Ubuntu 12.3.0-1ubuntu1~22.04.3) version 12.3.0 (x86_64-linux-gnu)
	compiled by GNU C version 12.3.0, GMP version 6.2.1, MPFR version 4.1.0, MPC version 1.2.1, isl version isl-0.24-GMP

GGC heuristics: --param ggc-min-expand=100 --param ggc-min-heapsize=131072
ignoring nonexistent directory "/home/ytr/.local/usr/bin/../lib/gcc/x86_64-linux-gnu/12/include-fixed"
ignoring nonexistent directory "/home/ytr/.local/usr/bin/../lib/gcc/x86_64-linux-gnu/12/../../../../x86_64-linux-gnu/include"
ignoring duplicate directory "/home/ytr/.local/usr/lib/gcc/x86_64-linux-gnu/12/include"
ignoring nonexistent directory "/usr/local/include/x86_64-linux-gnu"
ignoring nonexistent directory "/home/ytr/.local/usr/bin/../lib/gcc/../../lib/gcc/x86_64-linux-gnu/12/include-fixed"
ignoring nonexistent directory "/home/ytr/.local/usr/bin/../lib/gcc/../../lib/gcc/x86_64-linux-gnu/12/../../../../x86_64-linux-gnu/include"
#include "..." search starts here:
#include <...> search starts here:
 /home/ytr/.local/usr/lib/gcc/x86_64-linux-gnu/12/include
 /usr/local/include
 /usr/include/x86_64-linux-gnu
 /usr/include
End of search list.
GNU C17 (Ubuntu 12.3.0-1ubuntu1~22.04.3) version 12.3.0 (x86_64-linux-gnu)
	compiled by GNU C version 12.3.0, GMP version 6.2.1, MPFR version 4.1.0, MPC version 1.2.1, isl version isl-0.24-GMP

GGC heuristics: --param ggc-min-expand=100 --param ggc-min-heapsize=131072
Compiler executable checksum: 65d1edd4fb1e0f618a87b24c70895372
COLLECT_GCC_OPTIONS='-fexceptions' '-fopenmp' '-v' '-fPIE' '-o' 'CMakeFiles/cmTC_d88a0.dir/OpenMPTryFlag.c.o' '-c' '-mtune=generic' '-march=x86-64' '-pthread' '-dumpdir' 'CMakeFiles/cmTC_d88a0.dir/'
 as -v --64 -o CMakeFiles/cmTC_d88a0.dir/OpenMPTryFlag.c.o /tmp/cctT5ClW.s
GNU assembler version 2.38 (x86_64-linux-gnu) using BFD version (GNU Binutils for Ubuntu) 2.38
COMPILER_PATH=/home/ytr/.local/usr/bin/../lib/gcc/x86_64-linux-gnu/12/:/home/ytr/.local/usr/bin/../lib/gcc/x86_64-linux-gnu/:/home/ytr/.local/usr/bin/../lib/gcc/
LIBRARY_PATH=/home/ytr/.local/usr/bin/../lib/gcc/x86_64-linux-gnu/12/:/home/ytr/.local/usr/bin/../lib/gcc/x86_64-linux-gnu/:/home/ytr/.local/usr/bin/../lib/gcc/:/home/ytr/.local/usr/bin/../lib/gcc/x86_64-linux-gnu/12/../../../x86_64-linux-gnu/:/home/ytr/.local/usr/bin/../lib/gcc/x86_64-linux-gnu/12/../../../../lib/:/lib/x86_64-linux-gnu/:/lib/../lib/:/usr/lib/x86_64-linux-gnu/:/usr/lib/../lib/:/home/ytr/.local/usr/bin/../lib/gcc/x86_64-linux-gnu/12/../../../:/lib/:/usr/lib/
COLLECT_GCC_OPTIONS='-fexceptions' '-fopenmp' '-v' '-fPIE' '-o' 'CMakeFiles/cmTC_d88a0.dir/OpenMPTryFlag.c.o' '-c' '-mtune=generic' '-march=x86-64' '-pthread' '-dumpdir' 'CMakeFiles/cmTC_d88a0.dir/OpenMPTryFlag.c.'
Linking C executable cmTC_d88a0
/usr/bin/cmake -E cmake_link_script CMakeFiles/cmTC_d88a0.dir/link.txt --verbose=1
/home/ytr/.local/bin/cc  -fexceptions -fopenmp -v CMakeFiles/cmTC_d88a0.dir/OpenMPTryFlag.c.o -o cmTC_d88a0  -v 
Using built-in specs.
COLLECT_GCC=/home/ytr/.local/bin/cc
COLLECT_LTO_WRAPPER=/home/ytr/.local/usr/bin/../lib/gcc/x86_64-linux-gnu/12/lto-wrapper
OFFLOAD_TARGET_NAMES=nvptx-none:amdgcn-amdhsa
OFFLOAD_TARGET_DEFAULT=1
Target: x86_64-linux-gnu
Configured with: ../src/configure -v --with-pkgversion='Ubuntu 12.3.0-1ubuntu1~22.04.3' --with-bugurl=file:///usr/share/doc/gcc-12/README.Bugs --enable-languages=c,ada,c++,go,d,fortran,objc,obj-c++,m2 --prefix=/usr --with-gcc-major-version-only --program-suffix=-12 --program-prefix=x86_64-linux-gnu- --enable-shared --enable-linker-build-id --libexecdir=/usr/lib --without-included-gettext --enable-threads=posix --libdir=/usr/lib --enable-nls --enable-clocale=gnu --enable-libstdcxx-debug --enable-libstdcxx-time=yes --with-default-libstdcxx-abi=new --enable-gnu-unique-object --disable-vtable-verify --enable-plugin --enable-default-pie --with-system-zlib --enable-libphobos-checking=release --with-target-system-zlib=auto --enable-objc-gc=auto --enable-multiarch --disable-werror --enable-cet --with-arch-32=i686 --with-abi=m64 --with-multilib-list=m32,m64,mx32 --enable-multilib --with-tune=generic --enable-offload-targets=nvptx-none=/build/gcc-12-YswQCa/gcc-12-12.3.0/debian/tmp-nvptx/usr,amdgcn-amdhsa=/build/gcc-12-YswQCa/gcc-12-12.3.0/debian/tmp-gcn/usr --enable-offload-defaulted --without-cuda-driver --enable-checking=release --build=x86_64-linux-gnu --host=x86_64-linux-gnu --target=x86_64-linux-gnu
Thread model: posix
Supported LTO compression algorithms: zlib zstd
gcc version 12.3.0 (Ubuntu 12.3.0-1ubuntu1~22.04.3) 
COMPILER_PATH=/home/ytr/.local/usr/bin/../lib/gcc/x86_64-linux-gnu/12/:/home/ytr/.local/usr/bin/../lib/gcc/x86_64-linux-gnu/:/home/ytr/.local/usr/bin/../lib/gcc/
LIBRARY_PATH=/home/ytr/.local/usr/bin/../lib/gcc/x86_64-linux-gnu/12/:/home/ytr/.local/usr/bin/../lib/gcc/x86_64-linux-gnu/:/home/ytr/.local/usr/bin/../lib/gcc/:/home/ytr/.local/usr/bin/../lib/gcc/x86_64-linux-gnu/12/../../../x86_64-linux-gnu/:/home/ytr/.local/usr/bin/../lib/gcc/x86_64-linux-gnu/12/../../../../lib/:/lib/x86_64-linux-gnu/:/lib/../lib/:/usr/lib/x86_64-linux-gnu/:/usr/lib/../lib/:/home/ytr/.local/usr/bin/../lib/gcc/x86_64-linux-gnu/12/../../../:/lib/:/usr/lib/
Reading specs from /home/ytr/.local/usr/bin/../lib/gcc/x86_64-linux-gnu/12/libgomp.spec
COLLECT_GCC_OPTIONS='-fexceptions' '-fopenmp' '-v' '-o' 'cmTC_d88a0' '-v' '-mtune=generic' '-march=x86-64' '-pthread' '-dumpdir' 'cmTC_d88a0.'
 /home/ytr/.local/usr/bin/../lib/gcc/x86_64-linux-gnu/12/collect2 -plugin /home/ytr/.local/usr/bin/../lib/gcc/x86_64-linux-gnu/12/liblto_plugin.so -plugin-opt=/home/ytr/.local/usr/bin/../lib/gcc/x86_64-linux-gnu/12/lto-wrapper -plugin-opt=-fresolution=/tmp/ccEmYqmM.res -plugin-opt=-pass-through=-lgcc -plugin-opt=-pass-through=-lgcc_s -plugin-opt=-pass-through=-lpthread -plugin-opt=-pass-through=-lc -plugin-opt=-pass-through=-lgcc -plugin-opt=-pass-through=-lgcc_s --build-id --eh-frame-hdr -m elf_x86_64 --hash-style=gnu --as-needed -dynamic-linker /lib64/ld-linux-x86-64.so.2 -pie -z now -z relro -o cmTC_d88a0 /home/ytr/.local/usr/bin/../lib/gcc/x86_64-linux-gnu/12/../../../x86_64-linux-gnu/Scrt1.o /home/ytr/.local/usr/bin/../lib/gcc/x86_64-linux-gnu/12/../../../x86_64-linux-gnu/crti.o /home/ytr/.local/usr/bin/../lib/gcc/x86_64-linux-gnu/12/crtbeginS.o /home/ytr/.local/usr/bin/../lib/gcc/x86_64-linux-gnu/12/crtoffloadbegin.o -L/home/ytr/.local/usr/bin/../lib/gcc/x86_64-linux-gnu/12 -L/home/ytr/.local/usr/bin/../lib/gcc/x86_64-linux-gnu -L/home/ytr/.local/usr/bin/../lib/gcc -L/home/ytr/.local/usr/bin/../lib/gcc/x86_64-linux-gnu/12/../../../x86_64-linux-gnu -L/home/ytr/.local/usr/bin/../lib/gcc/x86_64-linux-gnu/12/../../../../lib -L/lib/x86_64-linux-gnu -L/lib/../lib -L/usr/lib/x86_64-linux-gnu -L/usr/lib/../lib -L/home/ytr/.local/usr/bin/../lib/gcc/x86_64-linux-gnu/12/../../.. CMakeFiles/cmTC_d88a0.dir/OpenMPTryFlag.c.o -lgomp -lgcc --push-state --as-needed -lgcc_s --pop-state -lpthread -lc -lgcc --push-state --as-needed -lgcc_s --pop-state /home/ytr/.local/usr/bin/../lib/gcc/x86_64-linux-gnu/12/crtendS.o /home/ytr/.local/usr/bin/../lib/gcc/x86_64-linux-gnu/12/../../../x86_64-linux-gnu/crtn.o /home/ytr/.local/usr/bin/../lib/gcc/x86_64-linux-gnu/12/crtoffloadend.o
COLLECT_GCC_OPTIONS='-fexceptions' '-fopenmp' '-v' '-o' 'cmTC_d88a0' '-v' '-mtune=generic' '-march=x86-64' '-pthread' '-dumpdir' 'cmTC_d88a0.'
gmake[1]: Leaving directory '/home/ytr/dev_ws/build_3d/fast_lio/CMakeFiles/CMakeTmp'



Parsed C OpenMP implicit link information from above output:
  link line regex: [^( *|.*[/\])(ld|CMAKE_LINK_STARTFILE-NOTFOUND|([^/\]+-)?ld|collect2)[^/\]*( |$)]
  ignore line: [Change Dir: /home/ytr/dev_ws/build_3d/fast_lio/CMakeFiles/CMakeTmp]
  ignore line: []
  ignore line: [Run Build Command(s):/usr/bin/gmake -f Makefile cmTC_d88a0/fast && /usr/bin/gmake  -f CMakeFiles/cmTC_d88a0.dir/build.make CMakeFiles/cmTC_d88a0.dir/build]
  ignore line: [gmake[1]: Entering directory '/home/ytr/dev_ws/build_3d/fast_lio/CMakeFiles/CMakeTmp']
  ignore line: [Building C object CMakeFiles/cmTC_d88a0.dir/OpenMPTryFlag.c.o]
  ignore line: [/home/ytr/.local/bin/cc   -fexceptions -fopenmp -v -fPIE -o CMakeFiles/cmTC_d88a0.dir/OpenMPTryFlag.c.o -c /home/ytr/dev_ws/build_3d/fast_lio/CMakeFiles/FindOpenMP/OpenMPTryFlag.c]
  ignore line: [Using built-in specs.]
  ignore line: [COLLECT_GCC=/home/ytr/.local/bin/cc]
  ignore line: [OFFLOAD_TARGET_NAMES=nvptx-none:amdgcn-amdhsa]
  ignore line: [OFFLOAD_TARGET_DEFAULT=1]
  ignore line: [Target: x86_64-linux-gnu]
  ignore line: [Configured with: ../src/configure -v --with-pkgversion='Ubuntu 12.3.0-1ubuntu1~22.04.3' --with-bugurl=file:///usr/share/doc/gcc-12/README.Bugs --enable-languages=c ada c++ go d fortran objc obj-c++ m2 --prefix=/usr --with-gcc-major-version-only --program-suffix=-12 --program-prefix=x86_64-linux-gnu- --enable-shared --enable-linker-build-id --libexecdir=/usr/lib --without-included-gettext --enable-threads=posix --libdir=/usr/lib --enable-nls --enable-clocale=gnu --enable-libstdcxx-debug --enable-libstdcxx-time=yes --with-default-libstdcxx-abi=new --enable-gnu-unique-object --disable-vtable-verify --enable-plugin --enable-default-pie --with-system-zlib --enable-libphobos-checking=release --with-target-system-zlib=auto --enable-objc-gc=auto --enable-multiarch --disable-werror --enable-cet --with-arch-32=i686 --with-abi=m64 --with-multilib-list=m32 m64 mx32 --enable-multilib --with-tune=generic --enable-offload-targets=nvptx-none=/build/gcc-12-YswQCa/gcc-12-12.3.0/debian/tmp-nvptx/usr amdgcn-amdhsa=/build/gcc-12-YswQCa/gcc-12-12.3.0/debian/tmp-gcn/usr --enable-offload-defaulted --without-cuda-driver --enable-checking=release --build=x86_64-linux-gnu --host=x86_64-linux-gnu --target=x86_64-linux-gnu]
  ignore line: [Thread model: posix]
  ignore line: [Supported LTO compression algorithms: zlib zstd]
  ignore line: [gcc version 12.3.0 (Ubuntu 12.3.0-1ubuntu1~22.04.3) ]
  ignore line: [COLLECT_GCC_OPTIONS='-fexceptions' '-fopenmp' '-v' '-fPIE' '-o' 'CMakeFiles/cmTC_d88a0.dir/OpenMPTryFlag.c.o' '-c' '-mtune=generic' '-march=x86-64' '-pthread' '-dumpdir' 'CMakeFiles/cmTC_d88a0.dir/']
  ignore line: [ /home/ytr/.local/usr/bin/../lib/gcc/x86_64-linux-gnu/12/cc1 -quiet -v -imultiarch x86_64-linux-gnu -iprefix /home/ytr/.local/usr/bin/../lib/gcc/x86_64-linux-gnu/12/ -D_REENTRANT /home/ytr/dev_ws/build_3d/fast_lio/CMakeFiles/FindOpenMP/OpenMPTryFlag.c -quiet -dumpdir CMakeFiles/cmTC_d88a0.dir/ -dumpbase OpenMPTryFlag.c.c -dumpbase-ext .c -mtune=generic -march=x86-64 -version -fexceptions -fopenmp -fPIE -fasynchronous-unwind-tables -fstack-protector-strong -Wformat -Wformat-security -fstack-clash-protection -fcf-protection -o /tmp/cctT5ClW.s]
  ignore line: [GNU C17 (Ubuntu 12.3.0-1ubuntu1~22.04.3) version 12.3.0 (x86_64-linux-gnu)]
  ignore line: [	compiled by GNU C version 12.3.0  GMP version 6.2.1  MPFR version 4.1.0  MPC version 1.2.1  isl version isl-0.24-GMP]
  ignore line: []
  ignore line: [GGC heuristics: --param ggc-min-expand=100 --param ggc-min-heapsize=131072]
  ignore line: [ignoring nonexistent directory "/home/ytr/.local/usr/bin/../lib/gcc/x86_64-linux-gnu/12/include-fixed"]
  ignore line: [ignoring nonexistent directory "/home/ytr/.local/usr/bin/../lib/gcc/x86_64-linux-gnu/12/../../../../x86_64-linux-gnu/include"]
  ignore line: [ignoring duplicate directory "/home/ytr/.local/usr/lib/gcc/x86_64-linux-gnu/12/include"]
  ignore line: [ignoring nonexistent directory "/usr/local/include/x86_64-linux-gnu"]
  ignore line: [ignoring nonexistent directory "/home/ytr/.local/usr/bin/../lib/gcc/../../lib/gcc/x86_64-linux-gnu/12/include-fixed"]
  ignore line: [ignoring nonexistent directory "/home/ytr/.local/usr/bin/../lib/gcc/../../lib/gcc/x86_64-linux-gnu/12/../../../../x86_64-linux-gnu/include"]
  ignore line: [#include "..." search starts here:]
  ignore line: [#include <...> search starts here:]
  ignore line: [ /home/ytr/.local/usr/lib/gcc/x86_64-linux-gnu/12/include]
  ignore line: [ /usr/local/include]
  ignore line: [ /usr/include/x86_64-linux-gnu]
  ignore line: [ /usr/include]
  ignore line: [End of search list.]
  ignore line: [GNU C17 (Ubuntu 12.3.0-1ubuntu1~22.04.3) version 12.3.0 (x86_64-linux-gnu)]
  ignore line: [	compiled by GNU C version 12.3.0  GMP version 6.2.1  MPFR version 4.1.0  MPC version 1.2.1  isl version isl-0.24-GMP]
  ignore line: []
  ignore line: [GGC heuristics: --param ggc-min-expand=100 --param ggc-min-heapsize=131072]
  ignore line: [Compiler executable checksum: 65d1edd4fb1e0f618a87b24c70895372]
  ignore line: [COLLECT_GCC_OPTIONS='-fexceptions' '-fopenmp' '-v' '-fPIE' '-o' 'CMakeFiles/cmTC_d88a0.dir/OpenMPTryFlag.c.o' '-c' '-mtune=generic' '-march=x86-64' '-pthread' '-dumpdir' 'CMakeFiles/cmTC_d88a0.dir/']
  ignore line: [ as -v --64 -o CMakeFiles/cmTC_d88a0.dir/OpenMPTryFlag.c.o /tmp/cctT5ClW.s]
  ignore line: [GNU assembler version 2.38 (x86_64-linux-gnu) using BFD version (GNU Binutils for Ubuntu) 2.38]
  ignore line: [COMPILER_PATH=/home/ytr/.local/usr/bin/../lib/gcc/x86_64-linux-gnu/12/:/home/ytr/.local/usr/bin/../lib/gcc/x86_64-linux-gnu/:/home/ytr/.local/usr/bin/../lib/gcc/]
  ignore line: [LIBRARY_PATH=/home/ytr/.local/usr/bin/../lib/gcc/x86_64-linux-gnu/12/:/home/ytr/.local/usr/bin/../lib/gcc/x86_64-linux-gnu/:/home/ytr/.local/usr/bin/../lib/gcc/:/home/ytr/.local/usr/bin/../lib/gcc/x86_64-linux-gnu/12/../../../x86_64-linux-gnu/:/home/ytr/.local/usr/bin/../lib/gcc/x86_64-linux-gnu/12/../../../../lib/:/lib/x86_64-linux-gnu/:/lib/../lib/:/usr/lib/x86_64-linux-gnu/:/usr/lib/../lib/:/home/ytr/.local/usr/bin/../lib/gcc/x86_64-linux-gnu/12/../../../:/lib/:/usr/lib/]
  ignore line: [COLLECT_GCC_OPTIONS='-fexceptions' '-fopenmp' '-v' '-fPIE' '-o' 'CMakeFiles/cmTC_d88a0.dir/OpenMPTryFlag.c.o' '-c' '-mtune=generic' '-march=x86-64' '-pthread' '-dumpdir' 'CMakeFiles/cmTC_d88a0.dir/OpenMPTryFlag.c.']
  ignore line: [Linking C executable cmTC_d88a0]
  ignore line: [/usr/bin/cmake -E cmake_link_script CMakeFiles/cmTC_d88a0.dir/link.txt --verbose=1]
  ignore line: [/home/ytr/.local/bin/cc  -fexceptions -fopenmp -v CMakeFiles/cmTC_d88a0.dir/OpenMPTryFlag.c.o -o cmTC_d88a0  -v ]
  ignore line: [Using built-in specs.]
  ignore line: [COLLECT_GCC=/home/ytr/.local/bin/cc]
  ignore line: [COLLECT_LTO_WRAPPER=/home/ytr/.local/usr/bin/../lib/gcc/x86_64-linux-gnu/12/lto-wrapper]
  ignore line: [OFFLOAD_TARGET_NAMES=nvptx-none:amdgcn-amdhsa]
  ignore line: [OFFLOAD_TARGET_DEFAULT=1]
  ignore line: [Target: x86_64-linux-gnu]
  ignore line: [Configured with: ../src/configure -v --with-pkgversion='Ubuntu 12.3.0-1ubuntu1~22.04.3' --with-bugurl=file:///usr/share/doc/gcc-12/README.Bugs --enable-languages=c ada c++ go d fortran objc obj-c++ m2 --prefix=/usr --with-gcc-major-version-only --program-suffix=-12 --program-prefix=x86_64-linux-gnu- --enable-shared --enable-linker-build-id --libexecdir=/usr/lib --without-included-gettext --enable-threads=posix --libdir=/usr/lib --enable-nls --enable-clocale=gnu --enable-libstdcxx-debug --enable-libstdcxx-time=yes --with-default-libstdcxx-abi=new --enable-gnu-unique-object --disable-vtable-verify --enable-plugin --enable-default-pie --with-system-zlib --enable-libphobos-checking=release --with-target-system-zlib=auto --enable-objc-gc=auto --enable-multiarch --disable-werror --enable-cet --with-arch-32=i686 --with-abi=m64 --with-multilib-list=m32 m64 mx32 --enable-multilib --with-tune=generic --enable-offload-targets=nvptx-none=/build/gcc-12-YswQCa/gcc-12-12.3.0/debian/tmp-nvptx/usr amdgcn-amdhsa=/build/gcc-12-YswQCa/gcc-12-12.3.0/debian/tmp-gcn/usr --enable-offload-defaulted --without-cuda-driver --enable-checking=release --build=x86_64-linux-gnu --host=x86_64-linux-gnu --target=x86_64-linux-gnu]
  ignore line: [Thread model: posix]
  ignore line: [Supported LTO compression algorithms: zlib zstd]
  ignore line: [gcc version 12.3.0 (Ubuntu 12.3.0-1ubuntu1~22.04.3) ]
  ignore line: [COMPILER_PATH=/home/ytr/.local/usr/bin/../lib/gcc/x86_64-linux-gnu/12/:/home/ytr/.local/usr/bin/../lib/gcc/x86_64-linux-gnu/:/home/ytr/.local/usr/bin/../lib/gcc/]
  ignore line: [LIBRARY_PATH=/home/ytr/.local/usr/bin/../lib/gcc/x86_64-linux-gnu/12/:/home/ytr/.local/usr/bin/../lib/gcc/x86_64-linux-gnu/:/home/ytr/.local/usr/bin/../lib/gcc/:/home/ytr/.local/usr/bin/../lib/gcc/x86_64-linux-gnu/12/../../../x86_64-linux-gnu/:/home/ytr/.local/usr/bin/../lib/gcc/x86_64-linux-gnu/12/../../../../lib/:/lib/x86_64-linux-gnu/:/lib/../lib/:/usr/lib/x86_64-linux-gnu/:/usr/lib/../lib/:/home/ytr/.local/usr/bin/../lib/gcc/x86_64-linux-gnu/12/../../../:/lib/:/usr/lib/]
  ignore line: [Reading specs from /home/ytr/.local/usr/bin/../lib/gcc/x86_64-linux-gnu/12/libgomp.spec]
  ignore line: [COLLECT_GCC_OPTIONS='-fexceptions' '-fopenmp' '-v' '-o' 'cmTC_d88a0' '-v' '-mtune=generic' '-march=x86-64' '-pthread' '-dumpdir' 'cmTC_d88a0.']
  link line: [ /home/ytr/.local/usr/bin/../lib/gcc/x86_64-linux-gnu/12/collect2 -plugin /home/ytr/.local/usr/bin/../lib/gcc/x86_64-linux-gnu/12/liblto_plugin.so -plugin-opt=/home/ytr/.local/usr/bin/../lib/gcc/x86_64-linux-gnu/12/lto-wrapper -plugin-opt=-fresolution=/tmp/ccEmYqmM.res -plugin-opt=-pass-through=-lgcc -plugin-opt=-pass-through=-lgcc_s -plugin-opt=-pass-through=-lpthread -plugin-opt=-pass-through=-lc -plugin-opt=-pass-through=-lgcc -plugin-opt=-pass-through=-lgcc_s --build-id --eh-frame-hdr -m elf_x86_64 --hash-style=gnu --as-needed -dynamic-linker /lib64/ld-linux-x86-64.so.2 -pie -z now -z relro -o cmTC_d88a0 /home/ytr/.local/usr/bin/../lib/gcc/x86_64-linux-gnu/12/../../../x86_64-linux-gnu/Scrt1.o /home/ytr/.local/usr/bin/../lib/gcc/x86_64-linux-gnu/12/../../../x86_64-linux-gnu/crti.o /home/ytr/.local/usr/bin/../lib/gcc/x86_64-linux-gnu/12/crtbeginS.o /home/ytr/.local/usr/bin/../lib/gcc/x86_64-linux-gnu/12/crtoffloadbegin.o -L/home/ytr/.local/usr/bin/../lib/gcc/x86_64-linux-gnu/12 -L/home/ytr/.local/usr/bin/../lib/gcc/x86_64-linux-gnu -L/home/ytr/.local/usr/bin/../lib/gcc -L/home/ytr/.local/usr/bin/../lib/gcc/x86_64-linux-gnu/12/../../../x86_64-linux-gnu -L/home/ytr/.local/usr/bin/../lib/gcc/x86_64-linux-gnu/12/../../../../lib -L/lib/x86_64-linux-gnu -L/lib/../lib -L/usr/lib/x86_64-linux-gnu -L/usr/lib/../lib -L/home/ytr/.local/usr/bin/../lib/gcc/x86_64-linux-gnu/12/../../.. CMakeFiles/cmTC_d88a0.dir/OpenMPTryFlag.c.o -lgomp -lgcc --push-state --as-needed -lgcc_s --pop-state -lpthread -lc -lgcc --push-state --as-needed -lgcc_s --pop-state /home/ytr/.local/usr/bin/../lib/gcc/x86_64-linux-gnu/12/crtendS.o /home/ytr/.local/usr/bin/../lib/gcc/x86_64-linux-gnu/12/../../../x86_64-linux-gnu/crtn.o /home/ytr/.local/usr/bin/../lib/gcc/x86_64-linux-gnu/12/crtoffloadend.o]
    arg [/home/ytr/.local/usr/bin/../lib/gcc/x86_64-linux-gnu/12/collect2] ==> ignore
    arg [-plugin] ==> ignore
    arg [/home/ytr/.local/usr/bin/../lib/gcc/x86_64-linux-gnu/12/liblto_plugin.so] ==> ignore
    arg [-plugin-opt=/home/ytr/.local/usr/bin/../lib/gcc/x86_64-linux-gnu/12/lto-wrapper] ==> ignore
    arg [-plugin-opt=-fresolution=/tmp/ccEmYqmM.res] ==> ignore
    arg [-plugin-opt=-pass-through=-lgcc] ==> ignore
    arg [-plugin-opt=-pass-through=-lgcc_s] ==> ignore
    arg [-plugin-opt=-pass-through=-lpthread] ==> ignore
    arg [-plugin-opt=-pass-through=-lc] ==> ignore
    arg [-plugin-opt=-pass-through=-lgcc] ==> ignore
    arg [-plugin-opt=-pass-through=-lgcc_s] ==> ignore
    arg [--build-id] ==> ignore
    arg [--eh-frame-hdr] ==> ignore
    arg [-m] ==> ignore
    arg [elf_x86_64] ==> ignore
    arg [--hash-style=gnu] ==> ignore
    arg [--as-needed] ==> ignore
    arg [-dynamic-linker] ==> ignore
    arg [/lib64/ld-linux-x86-64.so.2] ==> ignore
    arg [-pie] ==> ignore
    arg [-znow] ==> ignore
    arg [-zrelro] ==> ignore
    arg [-o] ==> ignore
    arg [cmTC_d88a0] ==> ignore
    arg [-L/home/ytr/.local/usr/bin/../lib/gcc/x86_64-linux-gnu/12] ==> dir [/home/ytr/.local/usr/bin/../lib/gcc/x86_64-linux-gnu/12]
    arg [-L/home/ytr/.local/usr/bin/../lib/gcc/x86_64-linux-gnu] ==> dir [/home/ytr/.local/usr/bin/../lib/gcc/x86_64-linux-gnu]
    arg [-L/home/ytr/.local/usr/bin/../lib/gcc] ==> dir [/home/ytr/.local/usr/bin/../lib/gcc]
    arg [-L/home/ytr/.local/usr/bin/../lib/gcc/x86_64-linux-gnu/12/../../../x86_64-linux-gnu] ==> dir [/home/ytr/.local/usr/bin/../lib/gcc/x86_64-linux-gnu/12/../../../x86_64-linux-gnu]
    arg [-L/home/ytr/.local/usr/bin/../lib/gcc/x86_64-linux-gnu/12/../../../../lib] ==> dir [/home/ytr/.local/usr/bin/../lib/gcc/x86_64-linux-gnu/12/../../../../lib]
    arg [-L/lib/x86_64-linux-gnu] ==> dir [/lib/x86_64-linux-gnu]
    arg [-L/lib/../lib] ==> dir [/lib/../lib]
    arg [-L/usr/lib/x86_64-linux-gnu] ==> dir [/usr/lib/x86_64-linux-gnu]
    arg [-L/usr/lib/../lib] ==> dir [/usr/lib/../lib]
    arg [-L/home/ytr/.local/usr/bin/../lib/gcc/x86_64-linux-gnu/12/../../..] ==> dir [/home/ytr/.local/usr/bin/../lib/gcc/x86_64-linux-gnu/12/../../..]
    arg [CMakeFiles/cmTC_d88a0.dir/OpenMPTryFlag.c.o] ==> ignore
    arg [-lgomp] ==> lib [gomp]
    arg [-lgcc] ==> lib [gcc]
    arg [--push-state] ==> ignore
    arg [--as-needed] ==> ignore
    arg [-lgcc_s] ==> lib [gcc_s]
    arg [--pop-state] ==> ignore
    arg [-lpthread] ==> lib [pthread]
    arg [-lc] ==> lib [c]
    arg [-lgcc] ==> lib [gcc]
    arg [--push-state] ==> ignore
    arg [--as-needed] ==> ignore
    arg [-lgcc_s] ==> lib [gcc_s]
    arg [--pop-state] ==> ignore
  collapse library dir [/home/ytr/.local/usr/bin/../lib/gcc/x86_64-linux-gnu/12] ==> [/home/ytr/.local/usr/lib/gcc/x86_64-linux-gnu/12]
  collapse library dir [/home/ytr/.local/usr/bin/../lib/gcc/x86_64-linux-gnu] ==> [/home/ytr/.local/usr/lib/gcc/x86_64-linux-gnu]
  collapse library dir [/home/ytr/.local/usr/bin/../lib/gcc] ==> [/home/ytr/.local/usr/lib/gcc]
  collapse library dir [/home/ytr/.local/usr/bin/../lib/gcc/x86_64-linux-gnu/12/../../../x86_64-linux-gnu] ==> [/home/ytr/.local/usr/lib/x86_64-linux-gnu]
  collapse library dir [/home/ytr/.local/usr/bin/../lib/gcc/x86_64-linux-gnu/12/../../../../lib] ==> [/home/ytr/.local/usr/lib]
  collapse library dir [/lib/x86_64-linux-gnu] ==> [/lib/x86_64-linux-gnu]
  collapse library dir [/lib/../lib] ==> [/lib]
  collapse library dir [/usr/lib/x86_64-linux-gnu] ==> [/usr/lib/x86_64-linux-gnu]
  collapse library dir [/usr/lib/../lib] ==> [/usr/lib]
  collapse library dir [/home/ytr/.local/usr/bin/../lib/gcc/x86_64-linux-gnu/12/../../..] ==> [/home/ytr/.local/usr/lib]
  implicit libs: [gomp;gcc;gcc_s;pthread;c;gcc;gcc_s]
  implicit objs: []
  implicit dirs: [/home/ytr/.local/usr/lib/gcc/x86_64-linux-gnu/12;/home/ytr/.local/usr/lib/gcc/x86_64-linux-gnu;/home/ytr/.local/usr/lib/gcc;/home/ytr/.local/usr/lib/x86_64-linux-gnu;/home/ytr/.local/usr/lib;/lib/x86_64-linux-gnu;/lib;/usr/lib/x86_64-linux-gnu;/usr/lib]
  implicit fwks: []


Detecting CXX OpenMP compiler ABI info compiled with the following output:
Change Dir: /home/ytr/dev_ws/build_3d/fast_lio/CMakeFiles/CMakeTmp

Run Build Command(s):/usr/bin/gmake -f Makefile cmTC_51cce/fast && /usr/bin/gmake  -f CMakeFiles/cmTC_51cce.dir/build.make CMakeFiles/cmTC_51cce.dir/build
gmake[1]: Entering directory '/home/ytr/dev_ws/build_3d/fast_lio/CMakeFiles/CMakeTmp'
Building CXX object CMakeFiles/cmTC_51cce.dir/OpenMPTryFlag.cpp.o
/home/ytr/.local/bin/g++   -pthread -fexceptions -fopenmp -v -fPIE -std=c++17 -o CMakeFiles/cmTC_51cce.dir/OpenMPTryFlag.cpp.o -c /home/ytr/dev_ws/build_3d/fast_lio/CMakeFiles/FindOpenMP/OpenMPTryFlag.cpp
Using built-in specs.
COLLECT_GCC=/home/ytr/.local/bin/g++
OFFLOAD_TARGET_NAMES=nvptx-none:amdgcn-amdhsa
OFFLOAD_TARGET_DEFAULT=1
Target: x86_64-linux-gnu
Configured with: ../src/configure -v --with-pkgversion='Ubuntu 12.3.0-1ubuntu1~22.04.3' --with-bugurl=file:///usr/share/doc/gcc-12/README.Bugs --enable-languages=c,ada,c++,go,d,fortran,objc,obj-c++,m2 --prefix=/usr --with-gcc-major-version-only --program-suffix=-12 --program-prefix=x86_64-linux-gnu- --enable-shared --enable-linker-build-id --libexecdir=/usr/lib --without-included-gettext --enable-threads=posix --libdir=/usr/lib --enable-nls --enable-clocale=gnu --enable-libstdcxx-debug --enable-libstdcxx-time=yes --with-default-libstdcxx-abi=new --enable-gnu-unique-object --disable-vtable-verify --enable-plugin --enable-default-pie --with-system-zlib --enable-libphobos-checking=release --with-target-system-zlib=auto --enable-objc-gc=auto --enable-multiarch --disable-werror --enable-cet --with-arch-32=i686 --with-abi=m64 --with-multilib-list=m32,m64,mx32 --enable-multilib --with-tune=generic --enable-offload-targets=nvptx-none=/build/gcc-12-YswQCa/gcc-12-12.3.0/debian/tmp-nvptx/usr,amdgcn-amdhsa=/build/gcc-12-YswQCa/gcc-12-12.3.0/debian/tmp-gcn/usr --enable-offload-defaulted --without-cuda-driver --enable-checking=release --build=x86_64-linux-gnu --host=x86_64-linux-gnu --target=x86_64-linux-gnu
Thread model: posix
Supported LTO compression algorithms: zlib zstd
gcc version 12.3.0 (Ubuntu 12.3.0-1ubuntu1~22.04.3) 
COLLECT_GCC_OPTIONS='-pthread' '-fexceptions' '-fopenmp' '-v' '-fPIE' '-std=c++17' '-o' 'CMakeFiles/cmTC_51cce.dir/OpenMPTryFlag.cpp.o' '-c' '-shared-libgcc' '-mtune=generic' '-march=x86-64' '-pthread' '-dumpdir' 'CMakeFiles/cmTC_51cce.dir/'
 /home/ytr/.local/usr/bin/../lib/gcc/x86_64-linux-gnu/12/cc1plus -quiet -v -imultiarch x86_64-linux-gnu -iprefix /home/ytr/.local/usr/bin/../lib/gcc/x86_64-linux-gnu/12/ -D_GNU_SOURCE -D_REENTRANT /home/ytr/dev_ws/build_3d/fast_lio/CMakeFiles/FindOpenMP/OpenMPTryFlag.cpp -quiet -dumpdir CMakeFiles/cmTC_51cce.dir/ -dumpbase OpenMPTryFlag.cpp.cpp -dumpbase-ext .cpp -mtune=generic -march=x86-64 -std=c++17 -version -fexceptions -fopenmp -fPIE -fasynchronous-unwind-tables -fstack-protector-strong -Wformat -Wformat-security -fstack-clash-protection -fcf-protection -o /tmp/cc2e4eEy.s
GNU C++17 (Ubuntu 12.3.0-1ubuntu1~22.04.3) version 12.3.0 (x86_64-linux-gnu)
	compiled by GNU C version 12.3.0, GMP version 6.2.1, MPFR version 4.1.0, MPC version 1.2.1, isl version isl-0.24-GMP

GGC heuristics: --param ggc-min-expand=100 --param ggc-min-heapsize=131072
ignoring nonexistent directory "/home/ytr/.local/usr/bin/../lib/gcc/x86_64-linux-gnu/12/../../../../include/x86_64-linux-gnu/c++/12/x86_64-linux-gnu"
ignoring nonexistent directory "/home/ytr/.local/usr/bin/../lib/gcc/x86_64-linux-gnu/12/include-fixed"
ignoring nonexistent directory "/home/ytr/.local/usr/bin/../lib/gcc/x86_64-linux-gnu/12/../../../../x86_64-linux-gnu/include"
ignoring duplicate directory "/home/ytr/.local/usr/include/c++/12"
ignoring duplicate directory "/home/ytr/.local/usr/include/x86_64-linux-gnu/c++/12"
ignoring duplicate directory "/home/ytr/.local/usr/include/x86_64-linux-gnu/c++/12"
ignoring duplicate directory "/home/ytr/.local/usr/include/c++/12/backward"
ignoring duplicate directory "/home/ytr/.local/usr/lib/gcc/x86_64-linux-gnu/12/include"
ignoring nonexistent directory "/usr/local/include/x86_64-linux-gnu"
ignoring nonexistent directory "/home/ytr/.local/usr/bin/../lib/gcc/../../lib/gcc/x86_64-linux-gnu/12/include-fixed"
ignoring nonexistent directory "/home/ytr/.local/usr/bin/../lib/gcc/../../lib/gcc/x86_64-linux-gnu/12/../../../../x86_64-linux-gnu/include"
#include "..." search starts here:
#include <...> search starts here:
 /home/ytr/.local/usr/include/c++/12
 /home/ytr/.local/usr/include/x86_64-linux-gnu/c++/12
 /home/ytr/.local/usr/include/c++/12/backward
 /home/ytr/.local/usr/lib/gcc/x86_64-linux-gnu/12/include
 /usr/local/include
 /usr/include/x86_64-linux-gnu
 /usr/include
End of search list.
GNU C++17 (Ubuntu 12.3.0-1ubuntu1~22.04.3) version 12.3.0 (x86_64-linux-gnu)
	compiled by GNU C version 12.3.0, GMP version 6.2.1, MPFR version 4.1.0, MPC version 1.2.1, isl version isl-0.24-GMP

GGC heuristics: --param ggc-min-expand=100 --param ggc-min-heapsize=131072
Compiler executable checksum: c10ddf8ebdf2c305adc34ed4a12c969e
COLLECT_GCC_OPTIONS='-pthread' '-fexceptions' '-fopenmp' '-v' '-fPIE' '-std=c++17' '-o' 'CMakeFiles/cmTC_51cce.dir/OpenMPTryFlag.cpp.o' '-c' '-shared-libgcc' '-mtune=generic' '-march=x86-64' '-pthread' '-dumpdir' 'CMakeFiles/cmTC_51cce.dir/'
 as -v --64 -o CMakeFiles/cmTC_51cce.dir/OpenMPTryFlag.cpp.o /tmp/cc2e4eEy.s
GNU assembler version 2.38 (x86_64-linux-gnu) using BFD version (GNU Binutils for Ubuntu) 2.38
COMPILER_PATH=/home/ytr/.local/usr/bin/../lib/gcc/x86_64-linux-gnu/12/:/home/ytr/.local/usr/bin/../lib/gcc/x86_64-linux-gnu/:/home/ytr/.local/usr/bin/../lib/gcc/
LIBRARY_PATH=/home/ytr/.local/usr/bin/../lib/gcc/x86_64-linux-gnu/12/:/home/ytr/.local/usr/bin/../lib/gcc/x86_64-linux-gnu/:/home/ytr/.local/usr/bin/../lib/gcc/:/home/ytr/.local/usr/bin/../lib/gcc/x86_64-linux-gnu/12/../../../x86_64-linux-gnu/:/home/ytr/.local/usr/bin/../lib/gcc/x86_64-linux-gnu/12/../../../../lib/:/lib/x86_64-linux-gnu/:/lib/../lib/:/usr/lib/x86_64-linux-gnu/:/usr/lib/../lib/:/home/ytr/.local/usr/bin/../lib/gcc/x86_64-linux-gnu/12/../../../:/lib/:/usr/lib/
COLLECT_GCC_OPTIONS='-pthread' '-fexceptions' '-fopenmp' '-v' '-fPIE' '-std=c++17' '-o' 'CMakeFiles/cmTC_51cce.dir/OpenMPTryFlag.cpp.o' '-c' '-shared-libgcc' '-mtune=generic' '-march=x86-64' '-pthread' '-dumpdir' 'CMakeFiles/cmTC_51cce.dir/OpenMPTryFlag.cpp.'
Linking CXX executable cmTC_51cce
/usr/bin/cmake -E cmake_link_script CMakeFiles/cmTC_51cce.dir/link.txt --verbose=1
/home/ytr/.local/bin/g++  -pthread -fexceptions -fopenmp -v CMakeFiles/cmTC_51cce.dir/OpenMPTryFlag.cpp.o -o cmTC_51cce  -v 
Using built-in specs.
COLLECT_GCC=/home/ytr/.local/bin/g++
COLLECT_LTO_WRAPPER=/home/ytr/.local/usr/bin/../lib/gcc/x86_64-linux-gnu/12/lto-wrapper
OFFLOAD_TARGET_NAMES=nvptx-none:amdgcn-amdhsa
OFFLOAD_TARGET_DEFAULT=1
Target: x86_64-linux-gnu
Configured with: ../src/configure -v --with-pkgversion='Ubuntu 12.3.0-1ubuntu1~22.04.3' --with-bugurl=file:///usr/share/doc/gcc-12/README.Bugs --enable-languages=c,ada,c++,go,d,fortran,objc,obj-c++,m2 --prefix=/usr --with-gcc-major-version-only --program-suffix=-12 --program-prefix=x86_64-linux-gnu- --enable-shared --enable-linker-build-id --libexecdir=/usr/lib --without-included-gettext --enable-threads=posix --libdir=/usr/lib --enable-nls --enable-clocale=gnu --enable-libstdcxx-debug --enable-libstdcxx-time=yes --with-default-libstdcxx-abi=new --enable-gnu-unique-object --disable-vtable-verify --enable-plugin --enable-default-pie --with-system-zlib --enable-libphobos-checking=release --with-target-system-zlib=auto --enable-objc-gc=auto --enable-multiarch --disable-werror --enable-cet --with-arch-32=i686 --with-abi=m64 --with-multilib-list=m32,m64,mx32 --enable-multilib --with-tune=generic --enable-offload-targets=nvptx-none=/build/gcc-12-YswQCa/gcc-12-12.3.0/debian/tmp-nvptx/usr,amdgcn-amdhsa=/build/gcc-12-YswQCa/gcc-12-12.3.0/debian/tmp-gcn/usr --enable-offload-defaulted --without-cuda-driver --enable-checking=release --build=x86_64-linux-gnu --host=x86_64-linux-gnu --target=x86_64-linux-gnu
Thread model: posix
Supported LTO compression algorithms: zlib zstd
gcc version 12.3.0 (Ubuntu 12.3.0-1ubuntu1~22.04.3) 
COMPILER_PATH=/home/ytr/.local/usr/bin/../lib/gcc/x86_64-linux-gnu/12/:/home/ytr/.local/usr/bin/../lib/gcc/x86_64-linux-gnu/:/home/ytr/.local/usr/bin/../lib/gcc/
LIBRARY_PATH=/home/ytr/.local/usr/bin/../lib/gcc/x86_64-linux-gnu/12/:/home/ytr/.local/usr/bin/../lib/gcc/x86_64-linux-gnu/:/home/ytr/.local/usr/bin/../lib/gcc/:/home/ytr/.local/usr/bin/../lib/gcc/x86_64-linux-gnu/12/../../../x86_64-linux-gnu/:/home/ytr/.local/usr/bin/../lib/gcc/x86_64-linux-gnu/12/../../../../lib/:/lib/x86_64-linux-gnu/:/lib/../lib/:/usr/lib/x86_64-linux-gnu/:/usr/lib/../lib/:/home/ytr/.local/usr/bin/../lib/gcc/x86_64-linux-gnu/12/../../../:/lib/:/usr/lib/
Reading specs from /home/ytr/.local/usr/bin/../lib/gcc/x86_64-linux-gnu/12/libgomp.spec
COLLECT_GCC_OPTIONS='-pthread' '-fexceptions' '-fopenmp' '-v' '-o' 'cmTC_51cce' '-v' '-shared-libgcc' '-mtune=generic' '-march=x86-64' '-pthread' '-dumpdir' 'cmTC_51cce.'
 /home/ytr/.local/usr/bin/../lib/gcc/x86_64-linux-gnu/12/collect2 -plugin /home/ytr/.local/usr/bin/../lib/gcc/x86_64-linux-gnu/12/liblto_plugin.so -plugin-opt=/home/ytr/.local/usr/bin/../lib/gcc/x86_64-linux-gnu/12/lto-wrapper -plugin-opt=-fresolution=/tmp/cch9ovsz.res -plugin-opt=-pass-through=-lgcc_s -plugin-opt=-pass-through=-lgcc -plugin-opt=-pass-through=-lpthread -plugin-opt=-pass-through=-lc -plugin-opt=-pass-through=-lgcc_s -plugin-opt=-pass-through=-lgcc --build-id --eh-frame-hdr -m elf_x86_64 --hash-style=gnu --as-needed -dynamic-linker /lib64/ld-linux-x86-64.so.2 -pie -z now -z relro -o cmTC_51cce /home/ytr/.local/usr/bin/../lib/gcc/x86_64-linux-gnu/12/../../../x86_64-linux-gnu/Scrt1.o /home/ytr/.local/usr/bin/../lib/gcc/x86_64-linux-gnu/12/../../../x86_64-linux-gnu/crti.o /home/ytr/.local/usr/bin/../lib/gcc/x86_64-linux-gnu/12/crtbeginS.o /home/ytr/.local/usr/bin/../lib/gcc/x86_64-linux-gnu/12/crtoffloadbegin.o -L/home/ytr/.local/usr/bin/../lib/gcc/x86_64-linux-gnu/12 -L/home/ytr/.local/usr/bin/../lib/gcc/x86_64-linux-gnu -L/home/ytr/.local/usr/bin/../lib/gcc -L/home/ytr/.local/usr/bin/../lib/gcc/x86_64-linux-gnu/12/../../../x86_64-linux-gnu -L/home/ytr/.local/usr/bin/../lib/gcc/x86_64-linux-gnu/12/../../../../lib -L/lib/x86_64-linux-gnu -L/lib/../lib -L/usr/lib/x86_64-linux-gnu -L/usr/lib/../lib -L/home/ytr/.local/usr/bin/../lib/gcc/x86_64-linux-gnu/12/../../.. CMakeFiles/cmTC_51cce.dir/OpenMPTryFlag.cpp.o -lstdc++ -lm -lgomp -lgcc_s -lgcc -lpthread -lc -lgcc_s -lgcc /home/ytr/.local/usr/bin/../lib/gcc/x86_64-linux-gnu/12/crtendS.o /home/ytr/.local/usr/bin/../lib/gcc/x86_64-linux-gnu/12/../../../x86_64-linux-gnu/crtn.o /home/ytr/.local/usr/bin/../lib/gcc/x86_64-linux-gnu/12/crtoffloadend.o
COLLECT_GCC_OPTIONS='-pthread' '-fexceptions' '-fopenmp' '-v' '-o' 'cmTC_51cce' '-v' '-shared-libgcc' '-mtune=generic' '-march=x86-64' '-pthread' '-dumpdir' 'cmTC_51cce.'
gmake[1]: Leaving directory '/home/ytr/dev_ws/build_3d/fast_lio/CMakeFiles/CMakeTmp'



Parsed CXX OpenMP implicit link information from above output:
  link line regex: [^( *|.*[/\])(ld|CMAKE_LINK_STARTFILE-NOTFOUND|([^/\]+-)?ld|collect2)[^/\]*( |$)]
  ignore line: [Change Dir: /home/ytr/dev_ws/build_3d/fast_lio/CMakeFiles/CMakeTmp]
  ignore line: []
  ignore line: [Run Build Command(s):/usr/bin/gmake -f Makefile cmTC_51cce/fast && /usr/bin/gmake  -f CMakeFiles/cmTC_51cce.dir/build.make CMakeFiles/cmTC_51cce.dir/build]
  ignore line: [gmake[1]: Entering directory '/home/ytr/dev_ws/build_3d/fast_lio/CMakeFiles/CMakeTmp']
  ignore line: [Building CXX object CMakeFiles/cmTC_51cce.dir/OpenMPTryFlag.cpp.o]
  ignore line: [/home/ytr/.local/bin/g++   -pthread -fexceptions -fopenmp -v -fPIE -std=c++17 -o CMakeFiles/cmTC_51cce.dir/OpenMPTryFlag.cpp.o -c /home/ytr/dev_ws/build_3d/fast_lio/CMakeFiles/FindOpenMP/OpenMPTryFlag.cpp]
  ignore line: [Using built-in specs.]
  ignore line: [COLLECT_GCC=/home/ytr/.local/bin/g++]
  ignore line: [OFFLOAD_TARGET_NAMES=nvptx-none:amdgcn-amdhsa]
  ignore line: [OFFLOAD_TARGET_DEFAULT=1]
  ignore line: [Target: x86_64-linux-gnu]
  ignore line: [Configured with: ../src/configure -v --with-pkgversion='Ubuntu 12.3.0-1ubuntu1~22.04.3' --with-bugurl=file:///usr/share/doc/gcc-12/README.Bugs --enable-languages=c ada c++ go d fortran objc obj-c++ m2 --prefix=/usr --with-gcc-major-version-only --program-suffix=-12 --program-prefix=x86_64-linux-gnu- --enable-shared --enable-linker-build-id --libexecdir=/usr/lib --without-included-gettext --enable-threads=posix --libdir=/usr/lib --enable-nls --enable-clocale=gnu --enable-libstdcxx-debug --enable-libstdcxx-time=yes --with-default-libstdcxx-abi=new --enable-gnu-unique-object --disable-vtable-verify --enable-plugin --enable-default-pie --with-system-zlib --enable-libphobos-checking=release --with-target-system-zlib=auto --enable-objc-gc=auto --enable-multiarch --disable-werror --enable-cet --with-arch-32=i686 --with-abi=m64 --with-multilib-list=m32 m64 mx32 --enable-multilib --with-tune=generic --enable-offload-targets=nvptx-none=/build/gcc-12-YswQCa/gcc-12-12.3.0/debian/tmp-nvptx/usr amdgcn-amdhsa=/build/gcc-12-YswQCa/gcc-12-12.3.0/debian/tmp-gcn/usr --enable-offload-defaulted --without-cuda-driver --enable-checking=release --build=x86_64-linux-gnu --host=x86_64-linux-gnu --target=x86_64-linux-gnu]
  ignore line: [Thread model: posix]
  ignore line: [Supported LTO compression algorithms: zlib zstd]
  ignore line: [gcc version 12.3.0 (Ubuntu 12.3.0-1ubuntu1~22.04.3) ]
  ignore line: [COLLECT_GCC_OPTIONS='-pthread' '-fexceptions' '-fopenmp' '-v' '-fPIE' '-std=c++17' '-o' 'CMakeFiles/cmTC_51cce.dir/OpenMPTryFlag.cpp.o' '-c' '-shared-libgcc' '-mtune=generic' '-march=x86-64' '-pthread' '-dumpdir' 'CMakeFiles/cmTC_51cce.dir/']
  ignore line: [ /home/ytr/.local/usr/bin/../lib/gcc/x86_64-linux-gnu/12/cc1plus -quiet -v -imultiarch x86_64-linux-gnu -iprefix /home/ytr/.local/usr/bin/../lib/gcc/x86_64-linux-gnu/12/ -D_GNU_SOURCE -D_REENTRANT /home/ytr/dev_ws/build_3d/fast_lio/CMakeFiles/FindOpenMP/OpenMPTryFlag.cpp -quiet -dumpdir CMakeFiles/cmTC_51cce.dir/ -dumpbase OpenMPTryFlag.cpp.cpp -dumpbase-ext .cpp -mtune=generic -march=x86-64 -std=c++17 -version -fexceptions -fopenmp -fPIE -fasynchronous-unwind-tables -fstack-protector-strong -Wformat -Wformat-security -fstack-clash-protection -fcf-protection -o /tmp/cc2e4eEy.s]
  ignore line: [GNU C++17 (Ubuntu 12.3.0-1ubuntu1~22.04.3) version 12.3.0 (x86_64-linux-gnu)]
  ignore line: [	compiled by GNU C version 12.3.0  GMP version 6.2.1  MPFR version 4.1.0  MPC version 1.2.1  isl version isl-0.24-GMP]
  ignore line: []
  ignore line: [GGC heuristics: --param ggc-min-expand=100 --param ggc-min-heapsize=131072]
  ignore line: [ignoring nonexistent directory "/home/ytr/.local/usr/bin/../lib/gcc/x86_64-linux-gnu/12/../../../../include/x86_64-linux-gnu/c++/12/x86_64-linux-gnu"]
  ignore line: [ignoring nonexistent directory "/home/ytr/.local/usr/bin/../lib/gcc/x86_64-linux-gnu/12/include-fixed"]
  ignore line: [ignoring nonexistent directory "/home/ytr/.local/usr/bin/../lib/gcc/x86_64-linux-gnu/12/../../../../x86_64-linux-gnu/include"]
  ignore line: [ignoring duplicate directory "/home/ytr/.local/usr/include/c++/12"]
  ignore line: [ignoring duplicate directory "/home/ytr/.local/usr/include/x86_64-linux-gnu/c++/12"]
  ignore line: [ignoring duplicate directory "/home/ytr/.local/usr/include/x86_64-linux-gnu/c++/12"]
  ignore line: [ignoring duplicate directory "/home/ytr/.local/usr/include/c++/12/backward"]
  ignore line: [ignoring duplicate directory "/home/ytr/.local/usr/lib/gcc/x86_64-linux-gnu/12/include"]
  ignore line: [ignoring nonexistent directory "/usr/local/include/x86_64-linux-gnu"]
  ignore line: [ignoring nonexistent directory "/home/ytr/.local/usr/bin/../lib/gcc/../../lib/gcc/x86_64-linux-gnu/12/include-fixed"]
  ignore line: [ignoring nonexistent directory "/home/ytr/.local/usr/bin/../lib/gcc/../../lib/gcc/x86_64-linux-gnu/12/../../../../x86_64-linux-gnu/include"]
  ignore line: [#include "..." search starts here:]
  ignore line: [#include <...> search starts here:]
  ignore line: [ /home/ytr/.local/usr/include/c++/12]
  ignore line: [ /home/ytr/.local/usr/include/x86_64-linux-gnu/c++/12]
  ignore line: [ /home/ytr/.local/usr/include/c++/12/backward]
  ignore line: [ /home/ytr/.local/usr/lib/gcc/x86_64-linux-gnu/12/include]
  ignore line: [ /usr/local/include]
  ignore line: [ /usr/include/x86_64-linux-gnu]
  ignore line: [ /usr/include]
  ignore line: [End of search list.]
  ignore line: [GNU C++17 (Ubuntu 12.3.0-1ubuntu1~22.04.3) version 12.3.0 (x86_64-linux-gnu)]
  ignore line: [	compiled by GNU C version 12.3.0  GMP version 6.2.1  MPFR version 4.1.0  MPC version 1.2.1  isl version isl-0.24-GMP]
  ignore line: []
  ignore line: [GGC heuristics: --param ggc-min-expand=100 --param ggc-min-heapsize=131072]
  ignore line: [Compiler executable checksum: c10ddf8ebdf2c305adc34ed4a12c969e]
  ignore line: [COLLECT_GCC_OPTIONS='-pthread' '-fexceptions' '-fopenmp' '-v' '-fPIE' '-std=c++17' '-o' 'CMakeFiles/cmTC_51cce.dir/OpenMPTryFlag.cpp.o' '-c' '-shared-libgcc' '-mtune=generic' '-march=x86-64' '-pthread' '-dumpdir' 'CMakeFiles/cmTC_51cce.dir/']
  ignore line: [ as -v --64 -o CMakeFiles/cmTC_51cce.dir/OpenMPTryFlag.cpp.o /tmp/cc2e4eEy.s]
  ignore line: [GNU assembler version 2.38 (x86_64-linux-gnu) using BFD version (GNU Binutils for Ubuntu) 2.38]
  ignore line: [COMPILER_PATH=/home/ytr/.local/usr/bin/../lib/gcc/x86_64-linux-gnu/12/:/home/ytr/.local/usr/bin/../lib/gcc/x86_64-linux-gnu/:/home/ytr/.local/usr/bin/../lib/gcc/]
  ignore line: [LIBRARY_PATH=/home/ytr/.local/usr/bin/../lib/gcc/x86_64-linux-gnu/12/:/home/ytr/.local/usr/bin/../lib/gcc/x86_64-linux-gnu/:/home/ytr/.local/usr/bin/../lib/gcc/:/home/ytr/.local/usr/bin/../lib/gcc/x86_64-linux-gnu/12/../../../x86_64-linux-gnu/:/home/ytr/.local/usr/bin/../lib/gcc/x86_64-linux-gnu/12/../../../../lib/:/lib/x86_64-linux-gnu/:/lib/../lib/:/usr/lib/x86_64-linux-gnu/:/usr/lib/../lib/:/home/ytr/.local/usr/bin/../lib/gcc/x86_64-linux-gnu/12/../../../:/lib/:/usr/lib/]
  ignore line: [COLLECT_GCC_OPTIONS='-pthread' '-fexceptions' '-fopenmp' '-v' '-fPIE' '-std=c++17' '-o' 'CMakeFiles/cmTC_51cce.dir/OpenMPTryFlag.cpp.o' '-c' '-shared-libgcc' '-mtune=generic' '-march=x86-64' '-pthread' '-dumpdir' 'CMakeFiles/cmTC_51cce.dir/OpenMPTryFlag.cpp.']
  ignore line: [Linking CXX executable cmTC_51cce]
  ignore line: [/usr/bin/cmake -E cmake_link_script CMakeFiles/cmTC_51cce.dir/link.txt --verbose=1]
  ignore line: [/home/ytr/.local/bin/g++  -pthread -fexceptions -fopenmp -v CMakeFiles/cmTC_51cce.dir/OpenMPTryFlag.cpp.o -o cmTC_51cce  -v ]
  ignore line: [Using built-in specs.]
  ignore line: [COLLECT_GCC=/home/ytr/.local/bin/g++]
  ignore line: [COLLECT_LTO_WRAPPER=/home/ytr/.local/usr/bin/../lib/gcc/x86_64-linux-gnu/12/lto-wrapper]
  ignore line: [OFFLOAD_TARGET_NAMES=nvptx-none:amdgcn-amdhsa]
  ignore line: [OFFLOAD_TARGET_DEFAULT=1]
  ignore line: [Target: x86_64-linux-gnu]
  ignore line: [Configured with: ../src/configure -v --with-pkgversion='Ubuntu 12.3.0-1ubuntu1~22.04.3' --with-bugurl=file:///usr/share/doc/gcc-12/README.Bugs --enable-languages=c ada c++ go d fortran objc obj-c++ m2 --prefix=/usr --with-gcc-major-version-only --program-suffix=-12 --program-prefix=x86_64-linux-gnu- --enable-shared --enable-linker-build-id --libexecdir=/usr/lib --without-included-gettext --enable-threads=posix --libdir=/usr/lib --enable-nls --enable-clocale=gnu --enable-libstdcxx-debug --enable-libstdcxx-time=yes --with-default-libstdcxx-abi=new --enable-gnu-unique-object --disable-vtable-verify --enable-plugin --enable-default-pie --with-system-zlib --enable-libphobos-checking=release --with-target-system-zlib=auto --enable-objc-gc=auto --enable-multiarch --disable-werror --enable-cet --with-arch-32=i686 --with-abi=m64 --with-multilib-list=m32 m64 mx32 --enable-multilib --with-tune=generic --enable-offload-targets=nvptx-none=/build/gcc-12-YswQCa/gcc-12-12.3.0/debian/tmp-nvptx/usr amdgcn-amdhsa=/build/gcc-12-YswQCa/gcc-12-12.3.0/debian/tmp-gcn/usr --enable-offload-defaulted --without-cuda-driver --enable-checking=release --build=x86_64-linux-gnu --host=x86_64-linux-gnu --target=x86_64-linux-gnu]
  ignore line: [Thread model: posix]
  ignore line: [Supported LTO compression algorithms: zlib zstd]
  ignore line: [gcc version 12.3.0 (Ubuntu 12.3.0-1ubuntu1~22.04.3) ]
  ignore line: [COMPILER_PATH=/home/ytr/.local/usr/bin/../lib/gcc/x86_64-linux-gnu/12/:/home/ytr/.local/usr/bin/../lib/gcc/x86_64-linux-gnu/:/home/ytr/.local/usr/bin/../lib/gcc/]
  ignore line: [LIBRARY_PATH=/home/ytr/.local/usr/bin/../lib/gcc/x86_64-linux-gnu/12/:/home/ytr/.local/usr/bin/../lib/gcc/x86_64-linux-gnu/:/home/ytr/.local/usr/bin/../lib/gcc/:/home/ytr/.local/usr/bin/../lib/gcc/x86_64-linux-gnu/12/../../../x86_64-linux-gnu/:/home/ytr/.local/usr/bin/../lib/gcc/x86_64-linux-gnu/12/../../../../lib/:/lib/x86_64-linux-gnu/:/lib/../lib/:/usr/lib/x86_64-linux-gnu/:/usr/lib/../lib/:/home/ytr/.local/usr/bin/../lib/gcc/x86_64-linux-gnu/12/../../../:/lib/:/usr/lib/]
  ignore line: [Reading specs from /home/ytr/.local/usr/bin/../lib/gcc/x86_64-linux-gnu/12/libgomp.spec]
  ignore line: [COLLECT_GCC_OPTIONS='-pthread' '-fexceptions' '-fopenmp' '-v' '-o' 'cmTC_51cce' '-v' '-shared-libgcc' '-mtune=generic' '-march=x86-64' '-pthread' '-dumpdir' 'cmTC_51cce.']
  link line: [ /home/ytr/.local/usr/bin/../lib/gcc/x86_64-linux-gnu/12/collect2 -plugin /home/ytr/.local/usr/bin/../lib/gcc/x86_64-linux-gnu/12/liblto_plugin.so -plugin-opt=/home/ytr/.local/usr/bin/../lib/gcc/x86_64-linux-gnu/12/lto-wrapper -plugin-opt=-fresolution=/tmp/cch9ovsz.res -plugin-opt=-pass-through=-lgcc_s -plugin-opt=-pass-through=-lgcc -plugin-opt=-pass-through=-lpthread -plugin-opt=-pass-through=-lc -plugin-opt=-pass-through=-lgcc_s -plugin-opt=-pass-through=-lgcc --build-id --eh-frame-hdr -m elf_x86_64 --hash-style=gnu --as-needed -dynamic-linker /lib64/ld-linux-x86-64.so.2 -pie -z now -z relro -o cmTC_51cce /home/ytr/.local/usr/bin/../lib/gcc/x86_64-linux-gnu/12/../../../x86_64-linux-gnu/Scrt1.o /home/ytr/.local/usr/bin/../lib/gcc/x86_64-linux-gnu/12/../../../x86_64-linux-gnu/crti.o /home/ytr/.local/usr/bin/../lib/gcc/x86_64-linux-gnu/12/crtbeginS.o /home/ytr/.local/usr/bin/../lib/gcc/x86_64-linux-gnu/12/crtoffloadbegin.o -L/home/ytr/.local/usr/bin/../lib/gcc/x86_64-linux-gnu/12 -L/home/ytr/.local/usr/bin/../lib/gcc/x86_64-linux-gnu -L/home/ytr/.local/usr/bin/../lib/gcc -L/home/ytr/.local/usr/bin/../lib/gcc/x86_64-linux-gnu/12/../../../x86_64-linux-gnu -L/home/ytr/.local/usr/bin/../lib/gcc/x86_64-linux-gnu/12/../../../../lib -L/lib/x86_64-linux-gnu -L/lib/../lib -L/usr/lib/x86_64-linux-gnu -L/usr/lib/../lib -L/home/ytr/.local/usr/bin/../lib/gcc/x86_64-linux-gnu/12/../../.. CMakeFiles/cmTC_51cce.dir/OpenMPTryFlag.cpp.o -lstdc++ -lm -lgomp -lgcc_s -lgcc -lpthread -lc -lgcc_s -lgcc /home/ytr/.local/usr/bin/../lib/gcc/x86_64-linux-gnu/12/crtendS.o /home/ytr/.local/usr/bin/../lib/gcc/x86_64-linux-gnu/12/../../../x86_64-linux-gnu/crtn.o /home/ytr/.local/usr/bin/../lib/gcc/x86_64-linux-gnu/12/crtoffloadend.o]
    arg [/home/ytr/.local/usr/bin/../lib/gcc/x86_64-linux-gnu/12/collect2] ==> ignore
    arg [-plugin] ==> ignore
    arg [/home/ytr/.local/usr/bin/../lib/gcc/x86_64-linux-gnu/12/liblto_plugin.so] ==> ignore
    arg [-plugin-opt=/home/ytr/.local/usr/bin/../lib/gcc/x86_64-linux-gnu/12/lto-wrapper] ==> ignore
    arg [-plugin-opt=-fresolution=/tmp/cch9ovsz.res] ==> ignore
    arg [-plugin-opt=-pass-through=-lgcc_s] ==> ignore
    arg [-plugin-opt=-pass-through=-lgcc] ==> ignore
    arg [-plugin-opt=-pass-through=-lpthread] ==> ignore
    arg [-plugin-opt=-pass-through=-lc] ==> ignore
    arg [-plugin-opt=-pass-through=-lgcc_s] ==> ignore
    arg [-plugin-opt=-pass-through=-lgcc] ==> ignore
    arg [--build-id] ==> ignore
    arg [--eh-frame-hdr] ==> ignore
    arg [-m] ==> ignore
    arg [elf_x86_64] ==> ignore
    arg [--hash-style=gnu] ==> ignore
    arg [--as-needed] ==> ignore
    arg [-dynamic-linker] ==> ignore
    arg [/lib64/ld-linux-x86-64.so.2] ==> ignore
    arg [-pie] ==> ignore
    arg [-znow] ==> ignore
    arg [-zrelro] ==> ignore
    arg [-o] ==> ignore
    arg [cmTC_51cce] ==> ignore
    arg [-L/home/ytr/.local/usr/bin/../lib/gcc/x86_64-linux-gnu/12] ==> dir [/home/ytr/.local/usr/bin/../lib/gcc/x86_64-linux-gnu/12]
    arg [-L/home/ytr/.local/usr/bin/../lib/gcc/x86_64-linux-gnu] ==> dir [/home/ytr/.local/usr/bin/../lib/gcc/x86_64-linux-gnu]
    arg [-L/home/ytr/.local/usr/bin/../lib/gcc] ==> dir [/home/ytr/.local/usr/bin/../lib/gcc]
    arg [-L/home/ytr/.local/usr/bin/../lib/gcc/x86_64-linux-gnu/12/../../../x86_64-linux-gnu] ==> dir [/home/ytr/.local/usr/bin/../lib/gcc/x86_64-linux-gnu/12/../../../x86_64-linux-gnu]
    arg [-L/home/ytr/.local/usr/bin/../lib/gcc/x86_64-linux-gnu/12/../../../../lib] ==> dir [/home/ytr/.local/usr/bin/../lib/gcc/x86_64-linux-gnu/12/../../../../lib]
    arg [-L/lib/x86_64-linux-gnu] ==> dir [/lib/x86_64-linux-gnu]
    arg [-L/lib/../lib] ==> dir [/lib/../lib]
    arg [-L/usr/lib/x86_64-linux-gnu] ==> dir [/usr/lib/x86_64-linux-gnu]
    arg [-L/usr/lib/../lib] ==> dir [/usr/lib/../lib]
    arg [-L/home/ytr/.local/usr/bin/../lib/gcc/x86_64-linux-gnu/12/../../..] ==> dir [/home/ytr/.local/usr/bin/../lib/gcc/x86_64-linux-gnu/12/../../..]
    arg [CMakeFiles/cmTC_51cce.dir/OpenMPTryFlag.cpp.o] ==> ignore
    arg [-lstdc++] ==> lib [stdc++]
    arg [-lm] ==> lib [m]
    arg [-lgomp] ==> lib [gomp]
    arg [-lgcc_s] ==> lib [gcc_s]
    arg [-lgcc] ==> lib [gcc]
    arg [-lpthread] ==> lib [pthread]
    arg [-lc] ==> lib [c]
    arg [-lgcc_s] ==> lib [gcc_s]
    arg [-lgcc] ==> lib [gcc]
  collapse library dir [/home/ytr/.local/usr/bin/../lib/gcc/x86_64-linux-gnu/12] ==> [/home/ytr/.local/usr/lib/gcc/x86_64-linux-gnu/12]
  collapse library dir [/home/ytr/.local/usr/bin/../lib/gcc/x86_64-linux-gnu] ==> [/home/ytr/.local/usr/lib/gcc/x86_64-linux-gnu]
  collapse library dir [/home/ytr/.local/usr/bin/../lib/gcc] ==> [/home/ytr/.local/usr/lib/gcc]
  collapse library dir [/home/ytr/.local/usr/bin/../lib/gcc/x86_64-linux-gnu/12/../../../x86_64-linux-gnu] ==> [/home/ytr/.local/usr/lib/x86_64-linux-gnu]
  collapse library dir [/home/ytr/.local/usr/bin/../lib/gcc/x86_64-linux-gnu/12/../../../../lib] ==> [/home/ytr/.local/usr/lib]
  collapse library dir [/lib/x86_64-linux-gnu] ==> [/lib/x86_64-linux-gnu]
  collapse library dir [/lib/../lib] ==> [/lib]
  collapse library dir [/usr/lib/x86_64-linux-gnu] ==> [/usr/lib/x86_64-linux-gnu]
  collapse library dir [/usr/lib/../lib] ==> [/usr/lib]
  collapse library dir [/home/ytr/.local/usr/bin/../lib/gcc/x86_64-linux-gnu/12/../../..] ==> [/home/ytr/.local/usr/lib]
  implicit libs: [stdc++;m;gomp;gcc_s;gcc;pthread;c;gcc_s;gcc]
  implicit objs: []
  implicit dirs: [/home/ytr/.local/usr/lib/gcc/x86_64-linux-gnu/12;/home/ytr/.local/usr/lib/gcc/x86_64-linux-gnu;/home/ytr/.local/usr/lib/gcc;/home/ytr/.local/usr/lib/x86_64-linux-gnu;/home/ytr/.local/usr/lib;/lib/x86_64-linux-gnu;/lib;/usr/lib/x86_64-linux-gnu;/usr/lib]
  implicit fwks: []


Determining if the include file pthread.h exists passed with the following output:
Change Dir: /home/ytr/dev_ws/build_3d/fast_lio/CMakeFiles/CMakeTmp

Run Build Command(s):/usr/bin/gmake -f Makefile cmTC_fdc84/fast && /usr/bin/gmake  -f CMakeFiles/cmTC_fdc84.dir/build.make CMakeFiles/cmTC_fdc84.dir/build
gmake[1]: Entering directory '/home/ytr/dev_ws/build_3d/fast_lio/CMakeFiles/CMakeTmp'
Building C object CMakeFiles/cmTC_fdc84.dir/CheckIncludeFile.c.o
/home/ytr/.local/bin/cc   -fexceptions   -fopenmp  -fPIE -o CMakeFiles/cmTC_fdc84.dir/CheckIncludeFile.c.o -c /home/ytr/dev_ws/build_3d/fast_lio/CMakeFiles/CMakeTmp/CheckIncludeFile.c
Linking C executable cmTC_fdc84
/usr/bin/cmake -E cmake_link_script CMakeFiles/cmTC_fdc84.dir/link.txt --verbose=1
/home/ytr/.local/bin/cc  -fexceptions   -fopenmp  CMakeFiles/cmTC_fdc84.dir/CheckIncludeFile.c.o -o cmTC_fdc84 
gmake[1]: Leaving directory '/home/ytr/dev_ws/build_3d/fast_lio/CMakeFiles/CMakeTmp'



Performing C SOURCE FILE Test CMAKE_HAVE_LIBC_PTHREAD succeeded with the following output:
Change Dir: /home/ytr/dev_ws/build_3d/fast_lio/CMakeFiles/CMakeTmp

Run Build Command(s):/usr/bin/gmake -f Makefile cmTC_d6ee7/fast && /usr/bin/gmake  -f CMakeFiles/cmTC_d6ee7.dir/build.make CMakeFiles/cmTC_d6ee7.dir/build
gmake[1]: Entering directory '/home/ytr/dev_ws/build_3d/fast_lio/CMakeFiles/CMakeTmp'
Building C object CMakeFiles/cmTC_d6ee7.dir/src.c.o
/home/ytr/.local/bin/cc -DCMAKE_HAVE_LIBC_PTHREAD  -fexceptions   -fopenmp  -fPIE -o CMakeFiles/cmTC_d6ee7.dir/src.c.o -c /home/ytr/dev_ws/build_3d/fast_lio/CMakeFiles/CMakeTmp/src.c
Linking C executable cmTC_d6ee7
/usr/bin/cmake -E cmake_link_script CMakeFiles/cmTC_d6ee7.dir/link.txt --verbose=1
/home/ytr/.local/bin/cc  -fexceptions   -fopenmp  CMakeFiles/cmTC_d6ee7.dir/src.c.o -o cmTC_d6ee7 
gmake[1]: Leaving directory '/home/ytr/dev_ws/build_3d/fast_lio/CMakeFiles/CMakeTmp'


Source file was:
#include <pthread.h>

static void* test_func(void* data)
{
  return data;
}

int main(void)
{
  pthread_t thread;
  pthread_create(&thread, NULL, test_func, NULL);
  pthread_detach(thread);
  pthread_cancel(thread);
  pthread_join(thread, NULL);
  pthread_atfork(NULL, NULL, NULL);
  pthread_exit(NULL);

  return 0;
}

Determining if the function XOpenDisplay exists in the /usr/lib/x86_64-linux-gnu/libX11.so;/usr/lib/x86_64-linux-gnu/libXext.so passed with the following output:
Change Dir: /home/ytr/dev_ws/build_3d/fast_lio/CMakeFiles/CMakeTmp

Run Build Command(s):/usr/bin/gmake -f Makefile cmTC_33fe3/fast && /usr/bin/gmake  -f CMakeFiles/cmTC_33fe3.dir/build.make CMakeFiles/cmTC_33fe3.dir/build
gmake[1]: Entering directory '/home/ytr/dev_ws/build_3d/fast_lio/CMakeFiles/CMakeTmp'
Building C object CMakeFiles/cmTC_33fe3.dir/CheckFunctionExists.c.o
/home/ytr/.local/bin/cc   -fexceptions   -fopenmp -DCHECK_FUNCTION_EXISTS=XOpenDisplay -fPIE -o CMakeFiles/cmTC_33fe3.dir/CheckFunctionExists.c.o -c /usr/share/cmake-3.22/Modules/CheckFunctionExists.c
Linking C executable cmTC_33fe3
/usr/bin/cmake -E cmake_link_script CMakeFiles/cmTC_33fe3.dir/link.txt --verbose=1
/home/ytr/.local/bin/cc  -fexceptions   -fopenmp -DCHECK_FUNCTION_EXISTS=XOpenDisplay CMakeFiles/cmTC_33fe3.dir/CheckFunctionExists.c.o -o cmTC_33fe3  /usr/lib/x86_64-linux-gnu/libX11.so /usr/lib/x86_64-linux-gnu/libXext.so 
gmake[1]: Leaving directory '/home/ytr/dev_ws/build_3d/fast_lio/CMakeFiles/CMakeTmp'



Determining if the function gethostbyname exists passed with the following output:
Change Dir: /home/ytr/dev_ws/build_3d/fast_lio/CMakeFiles/CMakeTmp

Run Build Command(s):/usr/bin/gmake -f Makefile cmTC_0f8bc/fast && /usr/bin/gmake  -f CMakeFiles/cmTC_0f8bc.dir/build.make CMakeFiles/cmTC_0f8bc.dir/build
gmake[1]: Entering directory '/home/ytr/dev_ws/build_3d/fast_lio/CMakeFiles/CMakeTmp'
Building C object CMakeFiles/cmTC_0f8bc.dir/CheckFunctionExists.c.o
/home/ytr/.local/bin/cc   -fexceptions   -fopenmp -DCHECK_FUNCTION_EXISTS=gethostbyname -fPIE -o CMakeFiles/cmTC_0f8bc.dir/CheckFunctionExists.c.o -c /usr/share/cmake-3.22/Modules/CheckFunctionExists.c
Linking C executable cmTC_0f8bc
/usr/bin/cmake -E cmake_link_script CMakeFiles/cmTC_0f8bc.dir/link.txt --verbose=1
/home/ytr/.local/bin/cc  -fexceptions   -fopenmp -DCHECK_FUNCTION_EXISTS=gethostbyname CMakeFiles/cmTC_0f8bc.dir/CheckFunctionExists.c.o -o cmTC_0f8bc 
gmake[1]: Leaving directory '/home/ytr/dev_ws/build_3d/fast_lio/CMakeFiles/CMakeTmp'



Determining if the function connect exists passed with the following output:
Change Dir: /home/ytr/dev_ws/build_3d/fast_lio/CMakeFiles/CMakeTmp

Run Build Command(s):/usr/bin/gmake -f Makefile cmTC_65373/fast && /usr/bin/gmake  -f CMakeFiles/cmTC_65373.dir/build.make CMakeFiles/cmTC_65373.dir/build
gmake[1]: Entering directory '/home/ytr/dev_ws/build_3d/fast_lio/CMakeFiles/CMakeTmp'
Building C object CMakeFiles/cmTC_65373.dir/CheckFunctionExists.c.o
/home/ytr/.local/bin/cc   -fexceptions   -fopenmp -DCHECK_FUNCTION_EXISTS=connect -fPIE -o CMakeFiles/cmTC_65373.dir/CheckFunctionExists.c.o -c /usr/share/cmake-3.22/Modules/CheckFunctionExists.c
Linking C executable cmTC_65373
/usr/bin/cmake -E cmake_link_script CMakeFiles/cmTC_65373.dir/link.txt --verbose=1
/home/ytr/.local/bin/cc  -fexceptions   -fopenmp -DCHECK_FUNCTION_EXISTS=connect CMakeFiles/cmTC_65373.dir/CheckFunctionExists.c.o -o cmTC_65373 
gmake[1]: Leaving directory '/home/ytr/dev_ws/build_3d/fast_lio/CMakeFiles/CMakeTmp'



Determining if the function remove exists passed with the following output:
Change Dir: /home/ytr/dev_ws/build_3d/fast_lio/CMakeFiles/CMakeTmp

Run Build Command(s):/usr/bin/gmake -f Makefile cmTC_2222c/fast && /usr/bin/gmake  -f CMakeFiles/cmTC_2222c.dir/build.make CMakeFiles/cmTC_2222c.dir/build
gmake[1]: Entering directory '/home/ytr/dev_ws/build_3d/fast_lio/CMakeFiles/CMakeTmp'
Building C object CMakeFiles/cmTC_2222c.dir/CheckFunctionExists.c.o
/home/ytr/.local/bin/cc   -fexceptions   -fopenmp -DCHECK_FUNCTION_EXISTS=remove -fPIE -o CMakeFiles/cmTC_2222c.dir/CheckFunctionExists.c.o -c /usr/share/cmake-3.22/Modules/CheckFunctionExists.c
Linking C executable cmTC_2222c
/usr/bin/cmake -E cmake_link_script CMakeFiles/cmTC_2222c.dir/link.txt --verbose=1
/home/ytr/.local/bin/cc  -fexceptions   -fopenmp -DCHECK_FUNCTION_EXISTS=remove CMakeFiles/cmTC_2222c.dir/CheckFunctionExists.c.o -o cmTC_2222c 
gmake[1]: Leaving directory '/home/ytr/dev_ws/build_3d/fast_lio/CMakeFiles/CMakeTmp'



Determining if the function shmat exists passed with the following output:
Change Dir: /home/ytr/dev_ws/build_3d/fast_lio/CMakeFiles/CMakeTmp

Run Build Command(s):/usr/bin/gmake -f Makefile cmTC_9585f/fast && /usr/bin/gmake  -f CMakeFiles/cmTC_9585f.dir/build.make CMakeFiles/cmTC_9585f.dir/build
gmake[1]: Entering directory '/home/ytr/dev_ws/build_3d/fast_lio/CMakeFiles/CMakeTmp'
Building C object CMakeFiles/cmTC_9585f.dir/CheckFunctionExists.c.o
/home/ytr/.local/bin/cc   -fexceptions   -fopenmp -DCHECK_FUNCTION_EXISTS=shmat -fPIE -o CMakeFiles/cmTC_9585f.dir/CheckFunctionExists.c.o -c /usr/share/cmake-3.22/Modules/CheckFunctionExists.c
Linking C executable cmTC_9585f
/usr/bin/cmake -E cmake_link_script CMakeFiles/cmTC_9585f.dir/link.txt --verbose=1
/home/ytr/.local/bin/cc  -fexceptions   -fopenmp -DCHECK_FUNCTION_EXISTS=shmat CMakeFiles/cmTC_9585f.dir/CheckFunctionExists.c.o -o cmTC_9585f 
gmake[1]: Leaving directory '/home/ytr/dev_ws/build_3d/fast_lio/CMakeFiles/CMakeTmp'



Determining if the function IceConnectionNumber exists in the ICE passed with the following output:
Change Dir: /home/ytr/dev_ws/build_3d/fast_lio/CMakeFiles/CMakeTmp

Run Build Command(s):/usr/bin/gmake -f Makefile cmTC_a64b9/fast && /usr/bin/gmake  -f CMakeFiles/cmTC_a64b9.dir/build.make CMakeFiles/cmTC_a64b9.dir/build
gmake[1]: Entering directory '/home/ytr/dev_ws/build_3d/fast_lio/CMakeFiles/CMakeTmp'
Building C object CMakeFiles/cmTC_a64b9.dir/CheckFunctionExists.c.o
/home/ytr/.local/bin/cc   -fexceptions   -fopenmp -DCHECK_FUNCTION_EXISTS=IceConnectionNumber -fPIE -o CMakeFiles/cmTC_a64b9.dir/CheckFunctionExists.c.o -c /usr/share/cmake-3.22/Modules/CheckFunctionExists.c
Linking C executable cmTC_a64b9
/usr/bin/cmake -E cmake_link_script CMakeFiles/cmTC_a64b9.dir/link.txt --verbose=1
/home/ytr/.local/bin/cc  -fexceptions   -fopenmp -DCHECK_FUNCTION_EXISTS=IceConnectionNumber CMakeFiles/cmTC_a64b9.dir/CheckFunctionExists.c.o -o cmTC_a64b9  -lICE 
gmake[1]: Leaving directory '/home/ytr/dev_ws/build_3d/fast_lio/CMakeFiles/CMakeTmp'



